rank,drug,n_lines,pct_of_overlap,resp_mean,resp_std,learnability,learnable,beats_baseline,delta_model_minus_baseline,n_val
1,oligomycin a,165,91.66666666666667,0.6558507880929745,0.2504329048893508,0.22956,True,True,-0.003541,6144
2,sb-743921,175,97.22222222222223,0.49854368384395326,0.21135153993910716,0.20548,True,False,0.000438,6816
3,vincristine,178,98.88888888888889,0.5991165107639318,0.20040789405986367,0.19818,True,True,-0.001532,7121
4,ml210,170,94.44444444444444,0.7286070381893831,0.20706097938987214,0.19556,True,False,0.002402,7015
5,paclitaxel,170,94.44444444444444,0.5621232192305957,0.2035214089655057,0.19221,True,True,-0.000366,6497
6,"1s,3r-rsl-3",173,96.11111111111111,0.5810857569378924,0.1939962450719652,0.18645,True,False,0.001478,7047
7,docetaxel:tanespimycin (2:1 mol/mol),174,96.66666666666667,0.5066011346790983,0.19056466955195317,0.18421,True,True,-0.001044,7121
8,methotrexate,170,94.44444444444444,0.630190454861697,0.19176298334160152,0.18111,True,True,-0.000301,6710
9,leptomycin b,176,97.77777777777777,0.3406604172196239,0.1780482268930732,0.17409,True,True,-0.000987,7121
10,selumetinib:tretinoin (2:1 mol/mol),172,95.55555555555556,0.765686503936385,0.18173341166817839,0.17366,True,True,-0.001495,7121
11,gemcitabine,154,85.55555555555556,0.7145831843281721,0.20181427671367305,0.17266,True,True,-0.0017,5751
12,navitoclax:gemcitabine (1:1 mol/mol),169,93.88888888888889,0.6563817035164353,0.18218354736331416,0.17105,True,True,-0.000541,6816
13,snx-2112,179,99.44444444444444,0.7206570491943946,0.16930702002752568,0.16837,True,True,-0.000743,7121
14,ouabain,175,97.22222222222223,0.43844190363373076,0.17315847956734856,0.16835,True,True,-0.000797,6816
15,austocystin d,157,87.22222222222223,0.7377150292229501,0.191352168682771,0.1669,True,True,-0.000326,6170
16,brd-k97651142,170,94.44444444444444,0.7510692182709189,0.1750730168898475,0.16535,True,True,-0.000857,6850
17,daporinad,163,90.55555555555556,0.8086713786505483,0.18111084159756588,0.16401,True,True,-0.000286,7006
18,gsk461364,165,91.66666666666667,0.567438546906818,0.17801488149601474,0.16318,True,True,-0.001144,6522
19,bi-2536,177,98.33333333333333,0.5617234083050389,0.16579856361873882,0.16304,True,True,-0.000425,7121
20,kx2-391,175,97.22222222222223,0.6634092424597059,0.16750713869648726,0.16285,True,True,-0.000471,7121
21,clofarabine,176,97.77777777777777,0.7883342641659759,0.1643558673850248,0.1607,True,True,-0.000294,7121
22,parbendazole,176,97.77777777777777,0.7408820629458536,0.16316735935262713,0.15954,True,True,-0.001039,7121
23,pd318088,178,98.88888888888889,0.8100301939784811,0.1607721856398418,0.15899,True,True,-0.000575,7121
24,triazolothiadiazine,177,98.33333333333333,0.7399936451413537,0.16153046889031775,0.15884,True,True,-9e-06,7121
25,dasatinib,177,98.33333333333333,0.6631876118691628,0.15935779096405245,0.1567,True,True,-0.000848,7121
26,rigosertib,172,95.55555555555556,0.6831882303190786,0.16368955101456908,0.15641,True,True,-0.001078,7121
27,ml162,176,97.77777777777777,0.6663377767598088,0.1599476437523327,0.15639,True,False,0.000933,7121
28,tanespimycin:gemcitabine (1:1 mol/mol),173,96.11111111111111,0.7200232604680034,0.16183024490393755,0.15554,True,True,-0.000733,7121
29,cr-1-31b,173,96.11111111111111,0.49520407892720547,0.15962899199352032,0.15342,True,True,-0.001102,6251
30,selumetinib,175,97.22222222222223,0.7803290222372328,0.15665798811648474,0.15231,True,False,0.00022,6497
31,rita,175,97.22222222222223,0.8814114662579128,0.1560828707743514,0.15175,True,True,-0.001213,7121
32,cay10618,174,96.66666666666667,0.725542753421027,0.15454166786232834,0.14939,True,True,-0.000354,7121
33,selumetinib:brd-a02303741 (4:1 mol/mol),172,95.55555555555556,0.7820872543163078,0.15600758842037182,0.14907,True,True,-0.000162,6816
34,tanespimycin,173,96.11111111111111,0.7306221226994702,0.15383709513713198,0.14785,True,True,-0.00037,7121
35,lbh-589,176,97.77777777777777,0.4175003005869009,0.1511256755053662,0.14777,True,True,-0.000688,7121
36,cytarabine hydrochloride,173,96.11111111111111,0.867466471098751,0.15313428587175262,0.14718,True,False,0.00116,6619
37,selumetinib:plx-4032 (8:1 mol/mol),174,96.66666666666667,0.7718763709410854,0.15150660268349103,0.14646,True,True,-0.000288,7121
38,sirolimus,177,98.33333333333333,0.7776786493042768,0.14826030372442595,0.14579,True,False,0.001298,7121
39,alisertib:navitoclax (2:1 mol/mol),161,89.44444444444444,0.7549365031423035,0.1601721517355581,0.14327,True,True,-6.7e-05,6372
40,selumetinib:piperlongumine (8:1 mol/mol),173,96.11111111111111,0.7863000803600156,0.14902674238819566,0.14323,True,True,-0.001586,6816
41,selumetinib:gdc-0941 (4:1 mol/mol),171,95.0,0.6474430181129635,0.1503672295391099,0.14285,True,True,-0.000313,7121
42,selumetinib:jq-1 (4:1 mol/mol),169,93.88888888888889,0.6482429838568501,0.15129915446367864,0.14205,True,True,-0.001189,6816
43,navitoclax:birinapant (1:1 mol/mol),173,96.11111111111111,0.8613928837238709,0.14717422043450598,0.14145,True,False,0.002834,7121
44,azd8055,176,97.77777777777777,0.6109808668155562,0.14437555410279374,0.14117,True,True,-1.2e-05,6816
45,selumetinib:navitoclax (8:1 mol/mol),169,93.88888888888889,0.7119086259568231,0.15014465769022803,0.14097,True,True,-0.00106,6843
46,neratinib,177,98.33333333333333,0.7873118748772616,0.14335020853146552,0.14096,True,True,-0.000674,7121
47,selumetinib:unc0638 (4:1 mol/mol),174,96.66666666666667,0.7597141193932501,0.14534489841699946,0.1405,True,True,-0.000162,7121
48,brefeldin a,168,93.33333333333333,0.6035044918812457,0.14931593783853808,0.13936,True,True,-0.00046,7121
49,selumetinib:vorinostat (8:1 mol/mol),161,89.44444444444444,0.7224723467175265,0.15420673087876172,0.13793,True,True,-0.000668,5856
50,mitomycin,172,95.55555555555556,0.7860291050963624,0.14423611443188844,0.13783,True,False,0.000501,6915
51,pi-103,174,96.66666666666667,0.8390209685111868,0.14189932487262058,0.13717,True,False,0.000191,6816
52,canertinib,173,96.11111111111111,0.7998658163699112,0.14140984298848353,0.13591,True,True,-0.000391,6818
53,sirolimus:bortezomib (250:1 mol/mol),176,97.77777777777777,0.6730306737802245,0.1385012292821007,0.13542,True,False,0.000353,6783
54,selumetinib:decitabine (4:1 mol/mol),163,90.55555555555556,0.8022065303442668,0.1481285579991612,0.13414,True,True,-0.000479,6840
55,stf-31,172,95.55555555555556,0.7878643833967143,0.13869727776807253,0.13253,True,False,0.000623,6586
56,pevonedistat,170,94.44444444444444,0.8275751373347114,0.1400017982055843,0.13222,True,True,-0.001474,6816
57,topotecan,175,97.22222222222223,0.6516834167923247,0.13591112361100086,0.13214,True,False,6e-05,6816
58,erastin,175,97.22222222222223,0.8687831435884749,0.13542338768959872,0.13166,True,False,0.000892,7121
59,birinapant,175,97.22222222222223,0.9419893395900726,0.1350893203462159,0.13134,True,False,0.001351,6783
60,sr-ii-138a,176,97.77777777777777,0.578161807730794,0.13343980446094791,0.13047,True,True,-0.000519,6816
61,gdc-0941,177,98.33333333333333,0.7721286115925864,0.13157167098505446,0.12938,True,True,-0.001109,7121
62,doxorubicin,176,97.77777777777777,0.5817538378760219,0.13092409309981465,0.12801,True,True,-0.001111,6924
63,selumetinib:mk-2206 (8:1 mol/mol),173,96.11111111111111,0.6950613425646214,0.13300168346839672,0.12783,True,False,0.000195,7121
64,gefitinib,175,97.22222222222223,0.8396705322606223,0.1308483958770829,0.12721,True,True,-0.000949,6915
65,tanespimycin:bortezomib (250:1 mol/mol),170,94.44444444444444,0.7650576374110054,0.13383596620380597,0.1264,True,True,-8e-05,7121
66,sn-38,156,86.66666666666667,0.7816953739294639,0.14456855204145866,0.12529,True,True,-0.000804,5712
67,narciclasine,165,91.66666666666667,0.5863137003147241,0.13649503021351753,0.12512,True,True,-0.000834,6662
68,sns-032,167,92.77777777777777,0.6701418388032627,0.13402248751097534,0.12434,True,True,-0.000615,6827
69,decitabine:navitoclax (2:1 mol/mol),169,93.88888888888889,0.8909846304436407,0.13126870091748424,0.12325,True,False,0.001075,7121
70,gmx-1778,176,97.77777777777777,0.8717604309997775,0.12542687653538634,0.12264,True,False,0.000377,7121
71,compound 1b,168,93.33333333333333,0.9301116886060863,0.13078535351806816,0.12207,True,True,-0.000316,6402
72,ym-155,154,85.55555555555556,0.6804432861216656,0.14115357513324414,0.12076,True,False,0.001388,6301
73,gw-843682x,169,93.88888888888889,0.9157741743431994,0.12658682100773755,0.11885,True,True,-0.000262,7121
74,alisertib,176,97.77777777777777,0.858121591704813,0.120808364652051,0.11812,True,False,0.000948,6816
75,bleomycin a2,161,89.44444444444444,0.8259669533057242,0.13191276479069916,0.11799,True,True,-0.000146,6441
76,tretinoin:navitoclax (4:1 mol/mol),172,95.55555555555556,0.8855050940846287,0.12301050506356646,0.11754,True,False,0.001779,7121
77,jq-1:unc0638 (2:1 mol/mol),166,92.22222222222223,0.8471464401627161,0.12661989399204396,0.11677,True,False,0.000435,6423
78,pha-793887,178,98.88888888888889,0.8175389194086696,0.11747106740312961,0.11617,True,True,-0.000982,7121
79,zstk474,173,96.11111111111111,0.8136250073510098,0.12084232201150034,0.11614,True,False,0.001469,7121
80,navitoclax:plx-4032 (1:1 mol/mol),174,96.66666666666667,0.9062320829808027,0.12001094950225519,0.11601,True,False,0.000984,7121
81,pluripotin,173,96.11111111111111,0.6874798420881261,0.12058862826053332,0.1159,True,True,-0.000153,7121
82,bms-754807,173,96.11111111111111,0.8133011822066555,0.12058036402441495,0.11589,True,False,0.000197,7121
83,afatinib,164,91.11111111111111,0.67927660420537,0.12678871593361535,0.11552,True,True,-0.001004,6430
84,brd-k70511574,175,97.22222222222223,0.7869973421096802,0.11827551780417055,0.11499,True,True,-0.000628,7121
85,smer-3,154,85.55555555555556,0.7340449719847023,0.13437208775092105,0.11496,True,True,-0.000301,6051
86,cucurbitacin i,169,93.88888888888889,0.6529536441233031,0.12233095961101824,0.11486,True,False,0.000302,6497
87,parthenolide,166,92.22222222222223,0.9290923989680876,0.12429559356605702,0.11463,True,False,8.3e-05,6497
88,jq-1:vorinostat (2:1 mol/mol),172,95.55555555555556,0.7283739943143933,0.11956170764225377,0.11425,True,True,-2.1e-05,6522
89,fqi-2,176,97.77777777777777,0.8512979434295134,0.11651921202656489,0.11393,True,True,-0.00102,7121
90,apicidin,177,98.33333333333333,0.7045853595949162,0.11542651636308046,0.1135,True,False,0.000544,7121
91,barasertib,163,90.55555555555556,0.9257040559514168,0.12524301826932357,0.11341,True,False,0.001708,6701
92,nilotinib,175,97.22222222222223,0.9665910489218575,0.11637403523514432,0.11314,True,True,-0.002351,6816
93,erlotinib,174,96.66666666666667,0.8904341541487595,0.11691359834237584,0.11302,True,True,-0.001373,6924
94,am-580,168,93.33333333333333,0.9286718395139489,0.12086090689472141,0.1128,True,False,0.002226,6770
95,jq-1,175,97.22222222222223,0.7892821598052978,0.1158446780747768,0.11263,True,False,1.4e-05,7121
96,doxorubicin:navitoclax (2:1 mol/mol),171,95.0,0.5837829318660045,0.11854058677133411,0.11261,True,True,-0.000131,7121
97,jq-1:navitoclax (2:1 mol/mol),172,95.55555555555556,0.7819496630582699,0.11777345909420904,0.11254,True,True,-0.000449,7047
98,foretinib,168,93.33333333333333,0.7173420142471081,0.1198950353914633,0.1119,True,True,-0.000392,7015
99,navitoclax:pluripotin (1:1 mol/mol),170,94.44444444444444,0.6609164243235307,0.11811685590319188,0.11155,True,False,0.000272,6423
100,snx-2112:bortezomib (250:1 mol/mol),173,96.11111111111111,0.6884864553206229,0.1151756622101074,0.1107,True,True,-0.000393,7121
101,unc0638:navitoclax (1:1 mol/mol),170,94.44444444444444,0.9512964294237249,0.11708189650474055,0.11058,True,False,0.000773,6423
102,navitoclax,175,97.22222222222223,0.9321070790290833,0.11325849901656153,0.11011,True,False,0.001636,7121
103,ml320,171,95.0,0.9991664656421595,0.11576895381556657,0.10998,True,False,0.001581,6783
104,nintedanib,171,95.0,0.9266682676753105,0.1148921387590136,0.10915,True,False,0.00118,7121
105,jq-1:carboplatin (1:1 mol/mol),166,92.22222222222223,0.8274200052381998,0.11629621242500437,0.10725,True,True,-0.000183,6497
106,spautin-1,173,96.11111111111111,0.9149310344216451,0.11123590473723771,0.10691,True,False,6.1e-05,6924
107,lovastatin,174,96.66666666666667,0.8272920470128114,0.11055889053557229,0.10687,True,False,0.002042,6783
108,mk-1775,169,93.88888888888889,0.7698498948438633,0.11336624045981168,0.10644,True,True,-0.000446,6840
109,tpca-1,175,97.22222222222223,0.8996750072070531,0.10944053851462945,0.1064,True,True,-0.000285,6816
110,gdc-0879,176,97.77777777777777,1.008671647445722,0.10877635116413684,0.10636,True,True,-9e-05,7121
111,brd-k55116708,163,90.55555555555556,0.9135021874509706,0.11660432620710545,0.10559,True,False,0.000579,5957
112,tamatinib,173,96.11111111111111,0.931945098962398,0.10974931602573014,0.10548,True,True,-0.00036,7121
113,vorinostat:carboplatin (1:1 mol/mol),171,95.0,0.8767642689030073,0.10977766645555052,0.10429,True,False,0.000446,6816
114,trametinib,82,45.55555555555556,0.6968274402727441,0.228881750432236,0.10427,False,True,-0.000348,3837
115,axitinib,174,96.66666666666667,0.8971794439458299,0.10777322254165708,0.10418,True,False,0.000351,7121
116,ku-0063794,173,96.11111111111111,0.818354389571041,0.10836264363789236,0.10415,True,True,-7.4e-05,6816
117,3-cl-ahpc,174,96.66666666666667,0.77969598290564,0.1076328805457529,0.10405,True,True,-0.000268,7121
118,vorinostat:navitoclax (4:1 mol/mol),167,92.77777777777777,0.8109868058187519,0.1120736547987382,0.10398,True,False,0.000635,7121
119,mln2238,175,97.22222222222223,0.6401831371443613,0.10672634451978842,0.10376,True,True,-0.000297,6816
120,brd-a02303741:navitoclax (2:1 mol/mol),164,91.11111111111111,0.937359836770267,0.11361977405167832,0.10352,True,False,0.000175,6497
121,tw-37,171,95.0,0.8521107637394242,0.10882846234891594,0.10339,True,True,-7.6e-05,6929
122,azd7762,174,96.66666666666667,0.5966240823611446,0.10694445339301936,0.10338,True,True,-0.000815,6816
123,lapatinib,170,94.44444444444444,0.872325294158038,0.1091685807837366,0.1031,True,True,-0.000721,7121
124,niclosamide,173,96.11111111111111,0.7990444939949609,0.10711608041661362,0.10295,True,True,-7.5e-05,7121
125,nvp-bez235,126,70.0,0.7003074924624155,0.14683226360540896,0.10278,True,False,0.00027,5116
126,brd9876,175,97.22222222222223,0.9590447248731341,0.10541692906443108,0.10249,True,False,0.000297,7121
127,osi-027,178,98.88888888888889,0.8100065893671485,0.10332027290281974,0.10217,True,False,0.00037,6816
128,ki8751,170,94.44444444444444,0.9715603584752364,0.10788836558079463,0.10189,True,False,0.00027,7121
129,regorafenib,174,96.66666666666667,0.9311463846557442,0.1052493844982069,0.10174,True,True,-0.000607,7003
130,carboplatin:unc0638 (2:1 mol/mol),166,92.22222222222223,0.982493230018271,0.11022387467539653,0.10165,True,True,-0.000567,6783
131,fluvastatin,172,95.55555555555556,0.8627595249996629,0.1063696024998083,0.10164,True,False,0.000631,7121
132,epigallocatechin-3-monogallate,168,93.33333333333333,0.9024692951213746,0.1087811652363686,0.10153,True,True,-0.001978,6816
133,kpt185,124,68.88888888888889,0.6962090317280062,0.14735229610841608,0.10151,True,False,0.001784,5116
134,ceranib-2,178,98.88888888888889,0.7777682877658458,0.10222149251266371,0.10109,True,False,7e-05,7121
135,brd-k61166597,170,94.44444444444444,0.8929325536769979,0.10670806035483539,0.10078,True,False,1.6e-05,6497
136,jq-1:mk-0752 (1:1 mol/mol),170,94.44444444444444,0.8173528990324805,0.10643948326772741,0.10053,True,True,-0.001002,7121
137,pazopanib,178,98.88888888888889,0.9066145450211642,0.10162923529363826,0.1005,True,True,-0.000314,6816
138,decitabine:carboplatin (1:1 mol/mol),171,95.0,0.9816063743585731,0.1049146007472789,0.09967,True,False,0.000467,6478
139,gsk-3 inhibitor ix,169,93.88888888888889,0.8507041878248813,0.10610142472314561,0.09962,True,False,0.000407,6478
140,azd7545,174,96.66666666666667,0.967059845896973,0.10292044001889265,0.09949,True,True,-0.000465,7121
141,nakiterpiosin,172,95.55555555555556,0.7806172367445258,0.10398690775137862,0.09937,True,True,-0.000168,6783
142,navitoclax:sorafenib (1:1 mol/mol),173,96.11111111111111,0.882759153153855,0.10332947069968053,0.09931,True,True,-2.3e-05,7121
143,erlotinib:plx-4032 (2:1 mol/mol),164,91.11111111111111,0.8952455936772067,0.10885258479041109,0.09918,True,True,-0.0016,6742
144,nvp-tae684,173,96.11111111111111,0.7171090656966832,0.10315188775026563,0.09914,True,False,0.000602,6816
145,i-bet151,173,96.11111111111111,0.8177491733104507,0.10306916450918714,0.09906,True,True,-1.2e-05,6478
146,ciclopirox,175,97.22222222222223,0.8414226933888027,0.10155352755835241,0.09873,True,True,-3e-05,7121
147,brd-k45681478,172,95.55555555555556,0.8885684061882108,0.10297491043877346,0.0984,True,False,0.000423,7121
148,chm-1,173,96.11111111111111,0.8526532987638705,0.10226319708500116,0.09829,True,True,-0.000176,7047
149,nvp-adw742,172,95.55555555555556,0.8450035203334897,0.10280974619735689,0.09824,True,False,0.00041,7121
150,bms-536924,167,92.77777777777777,0.8945046681130003,0.10555035060484054,0.09793,True,False,0.000167,7121
151,triptolide,177,98.33333333333333,0.8144635968962631,0.09953227809921883,0.09787,True,False,0.000182,7121
152,cabozantinib,170,94.44444444444444,0.8811950297916636,0.10353834238730669,0.09779,True,True,-9.1e-05,6827
153,vorinostat,165,91.66666666666667,0.8169253239125916,0.10653175096968515,0.09765,True,True,-0.000659,7006
154,aa-cocf3,171,95.0,0.897440901276661,0.10254590528188821,0.09742,True,False,0.000145,7121
155,brd-k94991378,164,91.11111111111111,0.958281571181809,0.10679597307838101,0.0973,True,True,-5.9e-05,6816
156,entinostat,173,96.11111111111111,0.7770572580354063,0.10104340516910326,0.09711,True,True,-0.000148,7121
157,azd4547,163,90.55555555555556,0.8455669744614444,0.10677377607753959,0.09669,True,True,-0.000335,6853
158,ku 0060648,173,96.11111111111111,0.803660985362323,0.10049864060274709,0.09659,True,True,-1.4e-05,7121
159,sch-79797,176,97.77777777777777,0.6900074424391444,0.09878477005774215,0.09659,True,True,-0.00041,7121
160,lenvatinib,177,98.33333333333333,0.959007085716657,0.09787406343305462,0.09624,True,False,0.000816,7121
161,b02,177,98.33333333333333,0.9079659773131549,0.09778624697681093,0.09616,True,False,0.000174,7121
162,brd-k11533227,167,92.77777777777777,0.9712159901322005,0.10337340961806206,0.09591,True,True,-0.000731,6783
163,crizotinib:plx-4032 (2:1 mol/mol),174,96.66666666666667,0.8212857582103247,0.09912174294487792,0.09582,True,True,-1e-05,7121
164,dexamethasone,171,95.0,1.0102068893393579,0.10080310260564751,0.09576,True,False,0.000894,7121
165,ibrutinib,122,67.77777777777777,0.8474526686258004,0.14118898129815696,0.09569,True,True,-0.000143,4473
166,brd-k71935468,167,92.77777777777777,0.9391075629674032,0.10287757218950061,0.09545,True,True,-2.5e-05,6497
167,tandutinib,170,94.44444444444444,0.9036688878255732,0.10038500211927663,0.09481,True,False,0.000489,7121
168,brivanib,172,95.55555555555556,0.9887037994556649,0.09848579447338633,0.09411,True,True,-0.001472,7121
169,sorafenib,172,95.55555555555556,0.8698498377966326,0.09836249093085081,0.09399,True,True,-0.000172,6816
170,brd-k63431240,178,98.88888888888889,0.7324592456054152,0.09482034185123957,0.09377,True,True,-0.000521,7121
171,tosedostat,169,93.88888888888889,0.7926248807526199,0.09950650230746967,0.09343,True,True,-0.000307,7121
172,chlorambucil,173,96.11111111111111,0.935737667400713,0.09678389405311642,0.09302,True,False,0.001038,7121
173,plx-4032,174,96.66666666666667,1.0055041261788071,0.09618608022059578,0.09298,True,True,-0.00064,7121
174,brd-k35604418,174,96.66666666666667,0.8920230581157509,0.09593500225413197,0.09274,True,False,0.000109,7121
175,unc0638,176,97.77777777777777,0.9360818161883138,0.09455322459286426,0.09245,True,True,-0.001383,7121
176,ch-55,173,96.11111111111111,0.9079319390258348,0.09588677479883403,0.09216,True,False,0.00117,6478
177,tipifarnib-p1,175,97.22222222222223,0.9421334709439959,0.09457627202175886,0.09195,True,False,0.000517,7121
178,tivozanib,172,95.55555555555556,0.9177696204116178,0.09620663570530961,0.09193,True,False,0.000103,7121
179,fluorouracil,175,97.22222222222223,0.9267565778323582,0.09424278639691563,0.09162,True,False,0.000725,7121
180,cd-437,174,96.66666666666667,0.8345769818486839,0.09473288104256873,0.09158,True,True,-0.000119,6816
181,quizartinib,176,97.77777777777777,0.9783028519966386,0.09335577151803787,0.09128,True,False,0.00041,7121
182,abt-737,158,87.77777777777777,0.9207730489441112,0.10371211902712967,0.09104,True,True,-0.000215,6441
183,brd-k66532283,163,90.55555555555556,0.9303957752289216,0.10040748796861776,0.09092,True,False,0.000328,6441
184,carboplatin:etoposide (40:17 mol/mol),176,97.77777777777777,0.9084633070636879,0.0929590225750529,0.09089,True,False,5.5e-05,7121
185,merck60,175,97.22222222222223,0.8946821107183184,0.09337697599773108,0.09078,True,True,-7.5e-05,7121
186,hyperforin,170,94.44444444444444,0.9428390359177309,0.09584718944376407,0.09052,True,True,-0.000196,7121
187,brd-k88742110,174,96.66666666666667,1.000138597584319,0.09335499809556795,0.09024,True,False,0.000414,6816
188,yk 4-279,177,98.33333333333333,0.8945103439234071,0.09168807343065696,0.09016,True,True,-0.000409,7121
189,navitoclax:piperlongumine (1:1 mol/mol),163,90.55555555555556,0.8331692685013169,0.09944860796292673,0.09006,True,False,8e-05,6085
190,docetaxel,78,43.333333333333336,0.5292604556068395,0.20761344869358483,0.08997,False,True,-0.003199,3272
191,neuronal differentiation inducer iii,172,95.55555555555556,0.8723919020835743,0.09399041159944568,0.08981,True,True,-0.000113,6742
192,purmorphamine,170,94.44444444444444,0.96510471070514,0.09504404497786118,0.08976,True,True,-0.000257,6650
193,obatoclax,174,96.66666666666667,0.6067367869204489,0.09272274983301716,0.08963,True,True,-0.000798,6586
194,gsk525762a,174,96.66666666666667,0.9183751988684994,0.09265239432605558,0.08956,True,False,4.7e-05,7121
195,procarbazine,170,94.44444444444444,1.0228149007348453,0.0947982789125766,0.08953,True,False,0.001592,6783
196,etp-46464,121,67.22222222222223,0.8925882201056835,0.1328201394448029,0.08928,True,False,0.000254,4778
197,linifanib,176,97.77777777777777,0.8525545424358412,0.09130703872115678,0.08928,True,False,0.000204,7121
198,saracatinib,174,96.66666666666667,0.8340875938020903,0.09216533068009024,0.08909,True,True,-0.000106,6783
199,silmitasertib,172,95.55555555555556,0.905437235568845,0.09306588232568197,0.08893,True,False,0.000376,7121
200,byl-719,122,67.77777777777777,0.8558449257836968,0.13094081750752007,0.08875,True,False,0.000604,5116
201,omacetaxine mepesuccinate,125,69.44444444444444,0.5038438484668731,0.1275411021449647,0.08857,True,True,-0.000675,5116
202,su11274,174,96.66666666666667,0.9652807287786199,0.09134515561640362,0.0883,True,True,-0.000426,7121
203,ku-60019,175,97.22222222222223,0.9137430773462568,0.09045672416888506,0.08794,True,False,0.001935,7121
204,prochlorperazine,173,96.11111111111111,0.8947244097042635,0.0912726493593585,0.08772,True,False,0.001267,7121
205,mgcd-265,177,98.33333333333333,0.9142289402457954,0.08897649921644904,0.08749,True,False,0.000528,7121
206,etoposide,172,95.55555555555556,0.875598288206167,0.0914567096989825,0.08739,True,True,-0.000269,7047
207,elocalcitol,172,95.55555555555556,0.9484567787758139,0.09143666260164368,0.08737,True,False,0.000248,6783
208,vandetanib,170,94.44444444444444,0.8251209953252007,0.09245072334399167,0.08731,True,True,-0.000257,6622
209,navitoclax:mst-312 (1:1 mol/mol),172,95.55555555555556,0.7801491822614226,0.09101240782788705,0.08697,True,True,-0.000459,7047
210,kw-2449,170,94.44444444444444,0.8869478986543767,0.09197154866806358,0.08686,True,False,0.000265,6577
211,importazole,158,87.77777777777777,0.8992533812040016,0.09869949675606568,0.08664,True,False,0.001219,6172
212,sb-225002,177,98.33333333333333,0.8829861781691427,0.08808454529911174,0.08662,True,True,-0.000732,7121
213,imatinib,175,97.22222222222223,0.9451178513254438,0.08887464259266142,0.08641,True,False,0.000516,7121
214,nsc632839,178,98.88888888888889,0.8381483476148562,0.08724850523809863,0.08628,True,False,0.000607,6783
215,cytochalasin b,177,98.33333333333333,0.895662640110921,0.08731181026805923,0.08586,True,False,0.000446,7121
216,tg-101348,173,96.11111111111111,0.8146112313160317,0.08896607963117287,0.08551,True,True,-0.000516,7121
217,olaparib,173,96.11111111111111,0.9513686257979773,0.08879021028638245,0.08534,True,False,0.000542,6816
218,ly-2183240,169,93.88888888888889,0.8738439354670824,0.0908366134896119,0.08529,True,False,0.000161,6701
219,linsitinib,176,97.77777777777777,0.9809764410284433,0.08713581374477157,0.0852,True,False,0.000154,7121
220,indisulam,163,90.55555555555556,0.9343789428289683,0.09407183038116403,0.08519,True,False,0.000421,6441
221,isoevodiamine,174,96.66666666666667,0.870347083642565,0.08791080356307297,0.08498,True,True,-0.000136,6816
222,bortezomib,175,97.22222222222223,0.7867021598134722,0.08730604234339683,0.08488,True,True,-0.000343,7121
223,az-3146,170,94.44444444444444,0.9818282358786639,0.08964188843553376,0.08466,True,False,0.000868,7121
224,crizotinib,173,96.11111111111111,0.7714270864952506,0.08796603235044305,0.08455,True,True,-6.8e-05,7121
225,brd4132,169,93.88888888888889,0.9159450121885221,0.08986855581417627,0.08438,True,True,-0.000119,6742
226,pf-750,162,90.0,0.8944730383378489,0.09373128129245276,0.08436,True,False,0.000178,6850
227,ciclosporin,169,93.88888888888889,0.9749491221806001,0.08957902637445801,0.0841,True,True,-0.000917,7047
228,brd-k66453893,175,97.22222222222223,0.8811987263815744,0.08647986176167066,0.08408,True,True,-0.000665,7121
229,cd-1530,164,91.11111111111111,0.9215009794002627,0.09199843606061238,0.08382,True,False,0.001108,6465
230,brd-k29313308,172,95.55555555555556,0.9813245011623516,0.0873600399952169,0.08348,True,False,0.000852,6478
231,prima-1,166,92.22222222222223,0.8832203052848219,0.09046700532337569,0.08343,True,False,0.000201,6783
232,at13387,82,45.55555555555556,0.6372518314094078,0.18297230027771183,0.08335,False,True,-0.000558,3837
233,manumycin a,175,97.22222222222223,0.927944781439645,0.08565994351865842,0.08328,True,False,0.001095,6816
234,mk-2206,168,93.33333333333333,0.864103642247972,0.0889655433139229,0.08303,True,False,0.000414,7121
235,le-135,174,96.66666666666667,0.9390697253161463,0.08566320505294417,0.08281,True,False,0.001352,6816
236,at7867,165,91.66666666666667,0.8612676176157865,0.09030004597404027,0.08278,True,False,0.001018,7006
237,plx-4720,176,97.77777777777777,0.9896704828874632,0.0845163817818363,0.08264,True,False,0.000409,7121
238,decitabine,178,98.88888888888889,0.9595450179630451,0.08356288057895131,0.08263,True,False,0.000193,6827
239,simvastatin,162,90.0,0.8974116875065697,0.09156193883111559,0.08241,True,False,0.001194,5788
240,azd6482,175,97.22222222222223,0.8552421086175102,0.08467515435145671,0.08232,True,False,0.001493,7121
241,isox:bortezomib (250:1 mol/mol),169,93.88888888888889,0.814257845018037,0.0876306753342731,0.08228,True,False,4.9e-05,6184
242,bix-01294,173,96.11111111111111,0.8884265874162575,0.0854827807206212,0.08216,True,True,-0.000286,6816
243,ci-976,171,95.0,0.9732898139117057,0.0864615697846348,0.08214,True,True,-0.00012,7047
244,dinaciclib,83,46.111111111111114,0.4109515360141375,0.17786057591070287,0.08201,False,True,-0.00114,3837
245,tgx-221,176,97.77777777777777,0.9249184981665828,0.0838444917329663,0.08198,True,False,0.000634,6816
246,nsc23766,175,97.22222222222223,0.8732827363695417,0.08418487586545659,0.08185,True,True,-0.000179,7121
247,tretinoin:carboplatin (2:1 mol/mol),169,93.88888888888889,0.9874838569460536,0.08710809596226235,0.08178,True,False,0.00176,6478
248,salermide:plx-4032 (12:1 mol/mol),161,89.44444444444444,0.9679463168849116,0.09139150017988938,0.08174,True,False,0.000311,6766
249,brd-k80183349,174,96.66666666666667,0.9595361547223453,0.08434935928060261,0.08154,True,False,0.000204,7121
250,nvp-231,176,97.77777777777777,0.8406537520614538,0.08328751570077678,0.08144,True,False,4.1e-05,7121
251,isox,175,97.22222222222223,0.8233407664299012,0.08366063256373552,0.08134,True,False,3.9e-05,7121
252,bosutinib,173,96.11111111111111,0.7785115614102754,0.08456546137299555,0.08128,True,True,-0.000937,7121
253,tamoxifen,172,95.55555555555556,0.930250404186027,0.08505494421641305,0.08127,True,False,0.000615,6816
254,nelarabine,171,95.0,1.0317490864218326,0.08553822288861546,0.08126,True,True,-0.001178,6924
255,nvp-bsk805,173,96.11111111111111,0.8321116680354741,0.08448374420142025,0.0812,True,True,-0.000886,6478
256,ml311,177,98.33333333333333,0.8550563094306127,0.08231679668972905,0.08094,True,True,-0.00011,7121
257,dbeq,172,95.55555555555556,0.8035429435413938,0.08468863759174348,0.08092,True,True,-0.000486,6624
258,serdemetan:sch-529074 (1:1 mol/mol),172,95.55555555555556,0.8495876394038977,0.08467083278110354,0.08091,True,True,-0.000244,7121
259,pik-93,175,97.22222222222223,0.8456424467904227,0.08294973903918544,0.08065,True,False,0.00019,7121
260,pf-573228,176,97.77777777777777,0.8744200891391798,0.08201215695318533,0.08019,True,False,0.000712,7121
261,bardoxolone methyl,151,83.88888888888889,0.5920752322436958,0.0954112442896891,0.08004,True,True,-1.9e-05,4847
262,nsc 74859,170,94.44444444444444,1.0114101437961354,0.08467569416163133,0.07997,True,False,0.000219,6478
263,raf265,129,71.66666666666667,0.8072278977826585,0.11157825401225228,0.07996,True,False,0.000306,5027
264,zebularine,176,97.77777777777777,0.9766239208931272,0.08165097556000883,0.07984,True,False,0.000452,7121
265,sb-525334,173,96.11111111111111,0.9327837490622019,0.08300651761705813,0.07978,True,False,0.000202,6816
266,brd-k03536150,174,96.66666666666667,0.9564625154966595,0.08248056409976029,0.07973,True,False,0.000296,6783
267,brd-k34222889,174,96.66666666666667,0.7878579795360565,0.0823900569073537,0.07964,True,True,-0.000271,7121
268,piperlongumine,174,96.66666666666667,0.8688857572517176,0.08217532321731191,0.07944,True,False,1.6e-05,6742
269,npc-26,172,95.55555555555556,1.007296582294065,0.08310109202801494,0.07941,True,True,-0.000301,7006
270,momelotinib,165,91.66666666666667,0.8431347254550818,0.08661035294183063,0.07939,True,False,0.000244,6586
271,pf-184,170,94.44444444444444,0.8837580673834857,0.08371444850207993,0.07906,True,False,0.001261,7121
272,betulinic acid,172,95.55555555555556,1.0217444744221,0.08264553933292913,0.07897,True,True,-0.000174,6816
273,pl-di,174,96.66666666666667,0.7518074882441553,0.08168503432540783,0.07896,True,True,-0.000138,7121
274,pifithrin-mu,174,96.66666666666667,1.003491656533603,0.0816624907312973,0.07894,True,False,0.000248,6783
275,bexarotene,171,95.0,1.0003262636257193,0.0828631229658808,0.07872,True,False,0.001914,6633
276,brd1812,171,95.0,0.885453330494507,0.0825006610367945,0.07838,True,True,-2.8e-05,6701
277,wz8040,163,90.55555555555556,0.7740232692174385,0.08595890019761444,0.07784,True,True,-0.000259,7121
278,necrostatin-7,176,97.77777777777777,0.9684927185828035,0.07938117082820255,0.07762,True,False,0.001255,6924
279,serdemetan,170,94.44444444444444,0.9187947290785172,0.08174674100444626,0.07721,True,True,-0.000161,7047
280,brd-k24690302,174,96.66666666666667,0.9741712109795932,0.07984741216349715,0.07719,True,False,0.000239,6924
281,rg-108,174,96.66666666666667,0.9882906678764299,0.07963760486990609,0.07698,True,False,0.000344,7121
282,srt-1720,167,92.77777777777777,0.9689666600284462,0.08282128823191649,0.07684,True,True,-0.000316,5854
283,salermide,118,65.55555555555556,0.9275237486018972,0.11669729796706341,0.0765,True,False,0.000721,5116
284,n9-isopropylolomoucine,173,96.11111111111111,0.8914005563438283,0.07918823509846612,0.07611,True,False,8.6e-05,7121
285,sunitinib,171,95.0,0.7915810818909205,0.08006170118532667,0.07606,True,True,-0.00013,7047
286,brd1835,175,97.22222222222223,0.9777185586520604,0.0780777732685099,0.07591,True,False,0.000109,6783
287,mdivi-1,169,93.88888888888889,0.9618333200731221,0.08074819313079787,0.07581,True,False,0.000831,7121
288,pac-1,164,91.11111111111111,0.8678524079846173,0.08265421854337045,0.07531,True,False,0.000796,6668
289,tretinoin,173,96.11111111111111,0.9600904005111297,0.0780834321142476,0.07505,True,False,0.001348,7121
290,sgx-523,175,97.22222222222223,0.9757392285551344,0.07716232469188881,0.07502,True,False,0.000483,7121
291,temsirolimus,96,53.333333333333336,0.7296865045403441,0.1404590424067974,0.07491,True,False,0.00245,3284
292,dabrafenib,83,46.111111111111114,0.9180028363164648,0.16212874422402734,0.07476,False,False,0.000875,3837
293,brd8958,170,94.44444444444444,1.0561908658813028,0.07911155398095872,0.07472,True,True,-0.000557,7121
294,ex-527,171,95.0,1.022698620258019,0.07851421439164763,0.07459,True,True,-0.000141,7121
295,pf-543,172,95.55555555555556,0.9369510665189388,0.07782182360308763,0.07436,True,True,-0.000167,6783
296,ruxolitinib,175,97.22222222222223,0.955640275818961,0.07633466341393995,0.07421,True,False,1e-05,7121
297,ml031,160,88.88888888888889,0.935757851600647,0.0832984966962976,0.07404,True,False,0.000312,6562
298,chir-99021,173,96.11111111111111,0.9725962143412904,0.07699626688680397,0.074,True,False,0.000878,6783
299,brd-k51490254,171,95.0,1.0107172225650989,0.07761680182483031,0.07374,True,False,0.000522,6497
300,nsc48300,176,97.77777777777777,0.9542792883108963,0.07420997411750943,0.07256,True,False,0.0006,7121
301,ml239,176,97.77777777777777,0.9604706889526411,0.07419129218284336,0.07254,True,False,0.000229,7121
302,gant-61,173,96.11111111111111,0.9586465176130305,0.0753313982858646,0.0724,True,False,0.001351,6783
303,dacarbazine,174,96.66666666666667,0.9722364287951897,0.0748002842318827,0.07231,True,False,4.5e-05,6816
304,brd-k99006945,83,46.111111111111114,0.9163799319999764,0.15636230005312088,0.0721,False,True,-0.001003,3837
305,bms-345541,167,92.77777777777777,0.8308201842679235,0.07764434499859792,0.07204,True,False,0.00031,6404
306,curcumin,178,98.88888888888889,0.8205668698535876,0.072850357289861,0.07204,True,False,6.1e-05,7121
307,ml203,174,96.66666666666667,1.012352441919261,0.0744534859075806,0.07197,True,False,0.000568,7121
308,gossypol,170,94.44444444444444,0.8957128181177028,0.0760725760992971,0.07185,True,False,0.000226,6783
309,brd-k07442505,176,97.77777777777777,0.9946035014634783,0.07344615440744622,0.07181,True,False,0.000224,7121
310,ku-55933,173,96.11111111111111,0.9080629710517177,0.07427198038095606,0.07138,True,False,0.001334,7121
311,brd-k28456706,171,95.0,0.9751942488882277,0.07506310225494313,0.07131,True,False,0.000619,7121
312,brd-m00053801,108,60.0,0.9122198268219277,0.11863569473505471,0.07118,True,False,0.001844,3901
313,brd-k64610608,173,96.11111111111111,1.0347191360644523,0.07397958392383645,0.0711,True,True,-0.000146,6783
314,oxaliplatin,173,96.11111111111111,0.958635104873966,0.07360743480362147,0.07074,True,False,0.00051,6783
315,nutlin-3,173,96.11111111111111,0.8760745787207102,0.07357513931057313,0.07071,True,False,0.000997,7121
316,vorapaxar,172,95.55555555555556,0.9655291892068331,0.07389843215232846,0.07061,True,False,0.000745,6783
317,agk-2,174,96.66666666666667,0.9948398696965185,0.07296387736036672,0.07053,True,False,0.000298,7121
318,bendamustine,172,95.55555555555556,0.9852332153985667,0.0737654419181008,0.07049,True,False,0.000967,6522
319,pf-3758309,83,46.111111111111114,0.624784885041685,0.15276564001290224,0.07044,False,True,-0.000967,3837
320,itraconazole,172,95.55555555555556,0.9684121081995409,0.0736503845935695,0.07038,True,False,0.000101,6816
321,azacitidine,169,93.88888888888889,1.0082837967477607,0.07493878024404806,0.07036,True,False,0.000211,7121
322,l-685458,177,98.33333333333333,0.9937850533232178,0.07120359594286164,0.07002,True,False,0.001663,7121
323,brd-k50799972,173,96.11111111111111,0.9612076416870073,0.07275843046521131,0.06993,True,False,0.000582,6783
324,lrrk2-in-1,123,68.33333333333333,0.8909835687013177,0.10180484307434157,0.06957,True,True,-0.000613,4822
325,valdecoxib,170,94.44444444444444,0.8732409866417156,0.07362939704042257,0.06954,True,False,2.5e-05,7121
326,pifithrin-alpha,171,95.0,0.9533167470965469,0.07306332681236907,0.06941,True,False,0.000226,6816
327,brd-k71781559,170,94.44444444444444,0.9562138610026416,0.07336219473315092,0.06929,True,False,0.000644,6835
328,compound 23 citrate,172,95.55555555555556,0.8942442370015521,0.07246366400784969,0.06924,True,False,0.000322,6510
329,hbx-41108,122,67.77777777777777,0.8134752604805056,0.10205895900250747,0.06917,True,True,-0.000191,5116
330,brd-k92856060,170,94.44444444444444,0.9620836324551526,0.07317374352163734,0.06911,True,False,0.001356,6783
331,trifluoperazine,169,93.88888888888889,0.9234248688940466,0.07356253933161094,0.06907,True,False,0.000419,6783
332,osi-930,151,83.88888888888889,0.9108975280989084,0.0822672507149598,0.06901,True,False,0.000242,6078
333,r428,123,68.33333333333333,0.8310432191786727,0.10080353591732726,0.06888,True,False,0.000143,4473
334,mst-312,173,96.11111111111111,0.8239070562958029,0.07138048689832718,0.0686,True,False,0.000601,6816
335,pd 153035,123,68.33333333333333,0.917043061760383,0.10032024616437181,0.06855,True,False,0.000179,4811
336,ic-87114,177,98.33333333333333,1.0084391165587863,0.06942595413061657,0.06827,True,False,5.7e-05,6816
337,pyrazolanthrone,177,98.33333333333333,0.9500619472756897,0.06928204259858495,0.06813,True,False,3e-05,7121
338,sildenafil,172,95.55555555555556,0.9723001382378644,0.0711338320509584,0.06797,True,False,0.000384,7121
339,brd8899,175,97.22222222222223,1.0104569292068482,0.06982590836509435,0.06789,True,False,0.00243,6924
340,necrostatin-1,173,96.11111111111111,0.9164161430617977,0.07063917188013982,0.06789,True,False,0.000398,7121
341,ml006,170,94.44444444444444,0.9672904561547672,0.0717432666893943,0.06776,True,False,0.001101,6783
342,masitinib,172,95.55555555555556,0.8762932000465171,0.07082753563587163,0.06768,True,True,-0.000441,6816
343,hc-067047,169,93.88888888888889,0.9336160953933671,0.07189937734941765,0.06751,True,True,-2.9e-05,6192
344,cal-101,173,96.11111111111111,0.9242508266702553,0.07022081239821132,0.06749,True,False,0.00087,7121
345,compound 7d-cis,155,86.11111111111111,0.9094593313432509,0.07827537974721002,0.0674,True,False,1.7e-05,5253
346,repligen 136,167,92.77777777777777,0.9714690389747391,0.07236993787045892,0.06714,True,False,0.000626,6783
347,brd-a02303741,161,89.44444444444444,1.0269873808629764,0.07488639673850721,0.06698,True,False,0.000419,7006
348,bibr-1532,175,97.22222222222223,0.9359204452378409,0.06885390240396538,0.06694,True,False,0.000885,6816
349,stemregenin 1,173,96.11111111111111,0.8881372613024849,0.0696303812221849,0.06692,True,False,9.1e-05,7121
350,wz4002,124,68.88888888888889,0.8686325319351689,0.09686804923034324,0.06673,True,False,0.001173,4778
351,erismodegib,175,97.22222222222223,0.9820285412243435,0.06831902408678976,0.06642,True,True,-0.000719,7121
352,brd-k85133207,174,96.66666666666667,0.9798277321903185,0.06834234996805834,0.06606,True,False,0.000326,7121
353,tacrolimus,171,95.0,0.9402699711029989,0.06901084682115154,0.06556,True,False,0.000646,7121
354,cid-5951923,173,96.11111111111111,1.0116143085363973,0.06817076417893732,0.06552,True,True,-0.000107,7047
355,c6-ceramide,177,98.33333333333333,0.9821611221900768,0.06647101128805388,0.06536,True,True,-0.000152,7121
356,px-12,172,95.55555555555556,0.9188138114851575,0.06819463144422602,0.06516,True,False,0.000778,6783
357,piperlongumine:mst-312 (1:1 mol/mol),161,89.44444444444444,0.8566995092800685,0.07279560203050484,0.06511,True,True,-0.000127,6497
358,cct036477,176,97.77777777777777,0.9650947228074074,0.06649818198461072,0.06502,True,False,0.000395,7121
359,myricetin,175,97.22222222222223,1.0308722400665282,0.06640767335365687,0.06456,True,True,-4.7e-05,6783
360,nsc95397,167,92.77777777777777,0.9241178977989151,0.06945620705523656,0.06444,True,False,0.000167,6783
361,brd-k13999467,173,96.11111111111111,0.9615157642805507,0.06688261332313608,0.06428,True,False,0.000627,6924
362,16-beta-bromoandrosterone,172,95.55555555555556,0.9913269662579824,0.06707774863576361,0.0641,True,False,0.000361,7121
363,sid 26681509,154,85.55555555555556,0.8849865650975859,0.0748815563415852,0.06407,True,True,-5.1e-05,6497
364,methylstat,122,67.77777777777777,0.8884400730250311,0.09374886906068822,0.06354,True,True,-0.000349,5116
365,ko-143,176,97.77777777777777,0.9304943531751633,0.06491414048665267,0.06347,True,False,0.000108,7121
366,teniposide,96,53.333333333333336,0.7347930781543255,0.11893197859351992,0.06343,True,False,0.002173,3284
367,ver-155008,175,97.22222222222223,0.9324194560732161,0.06514758392743668,0.06334,True,True,-6e-06,6783
368,wp1130,171,95.0,0.7641128500302633,0.066442492393655,0.06312,True,False,0.000321,7121
369,birb-796,159,88.33333333333333,0.9595812952743387,0.07141370580266282,0.06308,True,False,0.001258,6356
370,necrosulfonamide,119,66.11111111111111,0.8750788679643839,0.09506826598176524,0.06285,True,False,0.000404,5010
371,carboplatin,175,97.22222222222223,1.0007393435069494,0.06464834079765383,0.06285,True,False,0.001069,7121
372,brd-k41597374,177,98.33333333333333,0.9574275521908776,0.06336290734178322,0.06231,True,False,0.000432,6783
373,bms-270394,173,96.11111111111111,0.997289077739495,0.06435862855360229,0.06186,True,False,0.001386,6816
374,fingolimod,173,96.11111111111111,0.8259491379550427,0.06416580361130919,0.06167,True,False,5.9e-05,7121
375,platin,174,96.66666666666667,0.9922708629191607,0.06371827326505956,0.06159,True,False,0.000591,7121
376,brd-a02303741:carboplatin (1:1 mol/mol),173,96.11111111111111,0.9874935701403315,0.06397375932929866,0.06149,True,False,0.000286,6783
377,ml050,174,96.66666666666667,0.9753272773205549,0.06356133291778203,0.06144,True,False,0.000481,6816
378,nsc19630,119,66.11111111111111,0.9694738307920825,0.09217915414255015,0.06094,True,False,0.001274,4737
379,col-3,125,69.44444444444444,0.8966040463447571,0.08733565612310042,0.06065,True,False,0.001015,5116
380,brd-a71883111,175,97.22222222222223,0.9945184680393764,0.06223132990364136,0.0605,True,False,0.000364,7121
381,jw-480,175,97.22222222222223,0.9872812066759382,0.06187352819407596,0.06015,True,False,0.001171,7121
382,prl-3 inhibitor i,170,94.44444444444444,1.0026997454026165,0.06351953321767,0.05999,True,False,0.000464,7121
383,cerulenin,175,97.22222222222223,0.8673254363877433,0.061674185600318135,0.05996,True,False,0.00036,7121
384,ski-ii,173,96.11111111111111,0.9768581138869931,0.06234254701955391,0.05992,True,False,0.000615,7121
385,semagacestat,173,96.11111111111111,0.971112882470809,0.061967110052295424,0.05956,True,False,0.00092,6816
386,brd-k17060750,174,96.66666666666667,1.0115628886496884,0.06108510850316179,0.05905,True,False,0.000988,6924
387,brd-k02251932,171,95.0,0.9635408782122428,0.062135055728445125,0.05903,True,False,0.000971,6783
388,at-406,117,65.0,0.9476491309638716,0.09033607654714457,0.05872,True,False,0.001638,4679
389,ml083,173,96.11111111111111,0.9895847801528225,0.06070083617888077,0.05834,True,False,0.000151,7121
390,pdmp,171,95.0,0.8813465736065692,0.06140452547238219,0.05833,True,False,0.000136,7047
391,nsc30930,175,97.22222222222223,0.9899362925120763,0.05974223848537577,0.05808,True,False,0.001361,7121
392,ac55649,176,97.77777777777777,0.9985277463089336,0.05934850101117527,0.05803,True,False,0.000781,7121
393,cay10594,172,95.55555555555556,0.9401682608349379,0.06063152255355231,0.05794,True,False,0.001072,6816
394,lomeguatrib,173,96.11111111111111,0.9468854062819068,0.0601542534513437,0.05781,True,False,0.001211,6478
395,cay10576,164,91.11111111111111,0.9789805615820536,0.06333113396550533,0.0577,True,True,-3.3e-05,5879
396,neopeltolide,49,27.22222222222222,0.6526214170212649,0.2118749569327595,0.05768,False,False,0.001268,2005
397,sb-431542,174,96.66666666666667,0.9625116237278643,0.0596318291272655,0.05764,True,False,0.000269,7121
398,khs101,166,92.22222222222223,0.8100871077503067,0.06248769637920433,0.05763,True,True,-0.000136,6208
399,vu0155056,175,97.22222222222223,0.972224452495575,0.05908960864544594,0.05745,True,False,0.000387,6816
400,gw-405833,171,95.0,0.8823671978816652,0.06045236454073265,0.05743,True,False,0.000278,6478
401,compound 1541a,170,94.44444444444444,1.0171425381127526,0.06074364931423535,0.05737,True,True,-0.000263,6816
402,brd-k14844214,171,95.0,0.982048675679324,0.060348897237147814,0.05733,True,False,0.000972,6924
403,brd-k37390332,167,92.77777777777777,1.014480990207124,0.0615184908613752,0.05708,True,False,0.000379,6668
404,hli 373,173,96.11111111111111,0.9162214787709231,0.059284450225352274,0.05698,True,True,-0.000134,6783
405,etomoxir,176,97.77777777777777,0.9705408212136138,0.058013632268763236,0.05672,True,False,3e-05,6816
406,brd-k26531177,156,86.66666666666667,0.7692760313168551,0.06477467744802769,0.05614,True,True,-0.000115,6199
407,tg-100-115,174,96.66666666666667,0.9653276177658432,0.05793257730970069,0.056,True,False,0.000322,7121
408,bms-195614,175,97.22222222222223,0.9864197986466544,0.05755889574028084,0.05596,True,False,0.000555,6783
409,sotrastaurin,124,68.88888888888889,0.9535324410084756,0.0811715544315849,0.05592,True,False,0.000212,4778
410,sr1001,175,97.22222222222223,1.0058007635389055,0.05722634576698532,0.05564,True,False,0.001107,7121
411,brd-k33199242,175,97.22222222222223,0.9985681666646685,0.05722304638295809,0.05563,True,False,0.000483,6586
412,mk-0752,174,96.66666666666667,0.9861750681509917,0.057502843655417524,0.05559,True,False,0.00047,7121
413,alvocidib,81,45.0,0.5794911259486352,0.12345636454351443,0.05556,False,True,-0.000507,3837
414,phloretin,173,96.11111111111111,0.8838886384330044,0.05750991527159262,0.05527,True,False,0.000407,6783
415,sj-172550,172,95.55555555555556,1.011486491838167,0.05747774768837899,0.05492,True,False,0.001111,7121
416,brd9647,174,96.66666666666667,0.9686714578634021,0.05642255328808448,0.05454,True,False,0.000558,7121
417,xl765,172,95.55555555555556,1.0027722844550775,0.05690459107874308,0.05438,True,False,0.000126,7121
418,abt-199,110,61.111111111111114,0.9653285053643313,0.08891681963400831,0.05434,True,False,0.00026,4614
419,palmostatin b,118,65.55555555555556,1.035257843591399,0.08261951321734787,0.05416,True,True,-9.2e-05,5116
420,gsk2636771,126,70.0,0.9656050635708703,0.07704059555230577,0.05393,True,False,0.000379,5116
421,ml258,172,95.55555555555556,1.00032165403976,0.056294910615221065,0.05379,True,False,0.000887,6783
422,brd-a86708339,79,43.888888888888886,0.7127830850172646,0.12212877273875379,0.0536,False,False,0.00032,3837
423,fumonisin b1,175,97.22222222222223,0.9940755472864423,0.0548422526450628,0.05332,True,False,0.000369,7121
424,tipifarnib-p2,95,52.77777777777778,0.8356590117278851,0.10075494783885634,0.05318,True,False,0.003426,2946
425,jw-74,123,68.33333333333333,0.942971680222488,0.07782004984227675,0.05318,True,False,0.000376,5116
426,pandacostat,171,95.0,0.979374613329681,0.05562343788993031,0.05284,True,True,-0.000447,6497
427,bax channel blocker,155,86.11111111111111,0.8891221296402716,0.06125291628786036,0.05275,True,False,0.000597,6244
428,vaf-347,109,60.55555555555556,1.0118250491422252,0.08703219626449095,0.0527,True,True,-0.000237,4131
429,sch-529074,169,93.88888888888889,0.8365454296388569,0.055971154955302554,0.05255,True,True,-3.5e-05,6816
430,brd6340,173,96.11111111111111,0.9576345713152362,0.05418298854445882,0.05208,True,True,-0.000162,6118
431,ml029,166,92.22222222222223,0.952124191694949,0.05633453509327208,0.05195,True,False,0.000164,6783
432,iu1,173,96.11111111111111,0.9694697615728213,0.0538623249555835,0.05177,True,True,-0.000228,7121
433,way-362450,174,96.66666666666667,0.9887675752584961,0.05345530308142996,0.05167,True,False,0.000169,6478
434,isonicotinohydroxamic acid,115,63.888888888888886,1.0481353200000265,0.08069228064766151,0.05155,True,True,-0.000707,4696
435,marinopyrrole a,112,62.22222222222222,0.771842448040843,0.08245303483949852,0.0513,True,True,-0.000481,4811
436,brd-k19103580,172,95.55555555555556,0.970622354468634,0.05348409651457886,0.05111,True,False,0.000626,6281
437,veliparib,177,98.33333333333333,0.9922283477028885,0.05163797566253641,0.05078,True,False,0.000847,7121
438,brd-k27188169:navitoclax (2:1 mol/mol),88,48.888888888888886,0.9545761705799536,0.10359519092468454,0.05065,False,False,0.000778,2946
439,cil70,94,52.22222222222222,0.9235575579582377,0.0967315095285345,0.05052,True,False,0.00192,3284
440,gsk1059615,111,61.666666666666664,0.7445979789570645,0.0818664578052433,0.05048,True,False,0.000165,4436
441,pitstop2,116,64.44444444444444,1.011751857811007,0.0781809096624714,0.05038,True,False,0.000522,4778
442,gsk4112,176,97.77777777777777,1.0004108385606245,0.051351683329913855,0.05021,True,False,6e-05,7121
443,temozolomide,171,95.0,1.029358338542849,0.05261695967174339,0.04999,True,False,0.000652,7121
444,ipr-456,173,96.11111111111111,0.9639557631029559,0.05141617368217817,0.04942,True,False,0.000118,6783
445,unc0321,175,97.22222222222223,1.006404639993395,0.05032263573999877,0.04892,True,False,0.000627,6783
446,brd-k55473186,111,61.666666666666664,0.9942450007876834,0.07843338786154157,0.04837,True,False,0.000403,4436
447,yl54,157,87.22222222222223,0.9883941453733261,0.05530797199511179,0.04824,True,False,0.002294,6720
448,pyr-41,169,93.88888888888889,0.9866081881805284,0.050423422386977376,0.04734,True,False,0.001134,6522
449,brd-k04800985,176,97.77777777777777,0.994104503230615,0.04816839737488894,0.0471,False,False,0.000812,7121
450,cediranib,82,45.55555555555556,0.7550025960294212,0.10267018777003374,0.04677,False,False,0.000108,3532
451,brd-k52037352,159,88.33333333333333,0.9859378922660396,0.052179880814027475,0.04609,True,False,0.000851,6595
452,avrainvillamide,124,68.88888888888889,0.9517150179993722,0.0654149444637151,0.04506,True,False,0.001837,5116
453,fqi-1,96,53.333333333333336,0.8590070971598228,0.08412721013730086,0.04487,True,False,0.000104,3284
454,ml334 diastereomer,122,67.77777777777777,1.0558191376631376,0.06585516216597635,0.04464,True,False,2.9e-05,5116
455,kh-cb19,122,67.77777777777777,1.0092008392341802,0.0656163903148911,0.04447,True,True,-3.6e-05,5116
456,tigecycline,95,52.77777777777778,0.9714738017634341,0.08344574552797661,0.04404,True,False,0.001694,3178
457,brd-k02492147,158,87.77777777777777,1.0065138524846187,0.0498494229624649,0.04376,False,False,0.00072,6562
458,elcpk,92,51.111111111111114,0.894233811808669,0.08516364942772742,0.04353,True,False,0.000571,3284
459,cil56,92,51.111111111111114,0.9124825415403947,0.08452764424116511,0.0432,True,False,0.002815,3284
460,brd-k99584050,94,52.22222222222222,0.9736781012504658,0.08119329567358544,0.0424,True,False,0.004044,2946
461,tivantinib,82,45.55555555555556,0.7965742240591747,0.09255577412791575,0.04216,False,False,0.000513,3532
462,tacedinaline,119,66.11111111111111,0.9029130309569735,0.06309252231992371,0.04171,True,False,0.000809,5116
463,brd-k79669418,94,52.22222222222222,0.9775601485942272,0.0792472671703605,0.04138,True,False,0.002045,2946
464,brd-k16147474,160,88.88888888888889,1.0030342198908329,0.04558843486543216,0.04052,False,False,0.000484,6900
465,mi-1,161,89.44444444444444,1.0094672807995577,0.04527631810205406,0.0405,False,False,0.000939,6900
466,avicin d,82,45.55555555555556,0.681845272096192,0.08889452529737257,0.0405,False,False,0.00045,3837
467,brd-a94377914,94,52.22222222222222,0.9022990693437293,0.07743470324668845,0.04044,True,False,0.001482,3284
468,brd-k27188169,93,51.666666666666664,0.9960817188344976,0.07809167490738594,0.04035,True,False,0.002494,3284
469,brd-k09587429,158,87.77777777777777,1.008016190574139,0.045384711410032634,0.03984,False,False,0.000736,6595
470,a-804598,121,67.22222222222223,0.9737631511097112,0.05918214372442435,0.03978,True,False,0.000282,5116
471,cil41,95,52.77777777777778,0.9386765059671904,0.07350348907921245,0.03879,True,False,0.000974,3284
472,belinostat,83,46.111111111111114,0.6730733129633478,0.08367033711025464,0.03858,False,False,0.000184,3837
473,mln2480,83,46.111111111111114,0.9574880197823766,0.08160704660894932,0.03763,False,False,0.000753,3837
474,prima-1-met,89,49.44444444444444,0.9915986215130667,0.07406109212899453,0.03662,False,False,0.000291,2660
475,skepinone-l,83,46.111111111111114,0.926344036337841,0.07872563546091474,0.0363,False,False,0.001329,3837
476,cyclophosphamide,94,52.22222222222222,0.989559956687562,0.06848020717578686,0.03576,True,False,0.004218,3284
477,ifosfamide,93,51.666666666666664,1.009867432296917,0.06910706648142327,0.03571,True,False,0.001519,3284
478,cyanoquinoline 11,91,50.55555555555556,0.9126954635420998,0.07002160598253178,0.0354,True,True,-0.000104,2946
479,mi-2,83,46.111111111111114,0.9574309070426298,0.07496998208398438,0.03457,False,True,-0.000248,3837
480,azd1480,81,45.0,0.9244463414321711,0.07589239334048516,0.03415,False,False,3.1e-05,3837
481,cil55a,93,51.666666666666664,0.8067537738430884,0.06602132604470684,0.03411,True,False,0.000586,3284
482,brd-k03911514,93,51.666666666666664,1.0146945497041107,0.06494186502398194,0.03355,True,False,0.000538,3284
483,tubastatin a,93,51.666666666666664,0.9718170691561955,0.06343959578627463,0.03278,True,False,0.000691,3284
484,staurosporine,54,30.0,0.9954911050973115,0.10521805993186166,0.03157,False,False,0.008369,2005
485,qs-11,55,30.555555555555557,1.0086295452984897,0.10125323132567493,0.03094,False,True,-0.003945,2005
486,brd-k42260513,84,46.666666666666664,0.9802568987721488,0.0659166087593027,0.03076,False,True,-0.000822,3837
487,cil55,81,45.0,0.9826753323460803,0.06252225275662408,0.02814,False,False,0.001682,3284
488,sz4ta2,82,45.55555555555556,0.9963320486429261,0.06162431875313678,0.02807,False,False,0.001656,3532
489,o-6-benzylguanine,80,44.44444444444444,0.9811951950192451,0.06229670848417323,0.02769,False,False,0.002053,3837
490,brd-k29086754,53,29.444444444444443,1.0203534162269448,0.093988195650179,0.02767,False,False,0.007547,2005
491,brd-k20514654,95,52.77777777777778,1.0138176717256244,0.05176422858272753,0.02732,True,False,0.000516,3284
492,cbb-1007,83,46.111111111111114,0.9813779391438128,0.05913661808976981,0.02727,False,False,0.000569,3837
493,brd-k34485477,55,30.555555555555557,1.0159139730713584,0.0885155479827849,0.02705,False,False,0.009759,2005
494,brd-a05715709,80,44.44444444444444,1.0013232804834842,0.0583561080517481,0.02594,False,False,0.000646,3837
495,brd-k90370028,83,46.111111111111114,0.9754309575241732,0.05597435308267226,0.02581,False,False,0.000657,3837
496,ro4929097,79,43.888888888888886,0.9817529290537291,0.05824478351707922,0.02556,False,True,-0.000197,3837
497,thalidomide,82,45.55555555555556,0.9753164961570646,0.05537062912959882,0.02522,False,False,0.002051,3837
498,jw-55,43,23.88888888888889,0.9885262195454088,0.1015605776628859,0.02426,False,False,0.004164,1279
499,brd-k44224150,54,30.0,1.0469068034931466,0.07854574739621051,0.02356,False,False,0.005621,2005
500,darinaparsin,95,52.77777777777778,1.0237642859157763,0.044578009272347695,0.02353,False,False,0.001142,3284
501,istradefylline,82,45.55555555555556,1.003834853811962,0.05074789672424794,0.02312,False,False,0.00228,3837
502,brd-k13185470,54,30.0,1.0386343830161624,0.07651055966943282,0.02295,False,False,0.00235,2005
503,brd-k51831558,83,46.111111111111114,1.0083887296986866,0.04846559705736349,0.02235,False,False,0.001897,3837
504,pf-4800567 hydrochloride,82,45.55555555555556,0.9654694344939255,0.04858400339773871,0.02213,False,False,0.000268,3532
505,fulvestrant,51,28.333333333333332,0.9602789972342697,0.0777822990008201,0.02204,False,False,0.012879,2005
506,brd-k58730230,55,30.555555555555557,1.0009348750114442,0.07077662035119187,0.02163,False,False,0.00259,2005
507,brd-k09344309,41,22.77777777777778,1.0749372912616264,0.0931110197516098,0.02121,False,True,-0.005729,1279
508,myriocin,51,28.333333333333332,0.9712746552392548,0.07334090880514985,0.02078,False,False,0.013583,2005
509,ml312,55,30.555555555555557,1.0231765151023864,0.0662766628234011,0.02025,False,True,-0.001937,2005
510,brd-k48477130,81,45.0,1.0052370348094422,0.04424039547061589,0.01991,False,False,0.000459,3837
511,brd-k34099515,51,28.333333333333332,0.9979760296204511,0.0689748937823151,0.01954,False,False,0.002106,2005
512,sitagliptin,54,30.0,1.014877870127007,0.06264172534906501,0.01879,False,False,0.003428,2005
513,cimetidine,55,30.555555555555557,1.0226312691515143,0.059588074665949786,0.01821,False,False,0.01015,2005
514,brd-k86535717,55,30.555555555555557,1.0278191338885914,0.05955890326803401,0.0182,False,False,0.005745,2005
515,968,54,30.0,1.0079305624520336,0.060309262462234205,0.01809,False,False,0.006737,2005
516,brd-k41334119,55,30.555555555555557,1.010421668399464,0.05862374013722604,0.01791,False,False,0.005199,2005
517,brd-k27986637,55,30.555555555555557,1.0328113154931502,0.056636275250966574,0.01731,False,False,0.005647,2005
518,brd-k16130065,53,29.444444444444443,0.9991033043501512,0.0587281468637811,0.01729,False,False,0.003739,2005
519,mg-132,67,37.22222222222222,0.7519358334256642,0.04605654209268308,0.01714,False,False,0.001053,3616
520,bcl-lzh-4,83,46.111111111111114,0.9801816265267062,0.03685028250770522,0.01699,False,False,0.000577,3837
521,isoliquiritigenin,51,28.333333333333332,0.9669397847325194,0.05977482175876922,0.01694,False,False,0.005593,2005
522,fsc231,54,30.0,1.0101636703367587,0.05626230087588965,0.01688,False,False,0.00484,2005
523,brd-k48334597,54,30.0,1.0234031390260767,0.05587919031991127,0.01676,False,False,0.001869,2005
524,ly-2157299,53,29.444444444444443,1.0109708140481193,0.056543125205228556,0.01665,False,False,0.005761,2005
525,brd-k96431673,55,30.555555555555557,1.01182729547674,0.05445327009795933,0.01664,False,False,0.005343,2005
526,vx-680,15,8.333333333333334,0.7643076241016388,0.19930405172348792,0.01661,False,False,0.018303,221
527,brd-k96970199,54,30.0,1.0054002580819306,0.0553488820472458,0.0166,False,False,0.005525,2005
528,blebbistatin,54,30.0,0.999929830983833,0.05351642614573816,0.01605,False,False,0.003725,2005
529,brd-k84807411,55,30.555555555555557,1.0115270441228694,0.05211496196455913,0.01592,False,False,0.003736,2005
530,brd-k27224038,55,30.555555555555557,0.999205604466525,0.05124440926327281,0.01566,False,False,0.004709,2005
531,brd-k49290616,53,29.444444444444443,1.0003665933069192,0.05316403139342279,0.01565,False,False,0.003912,2005
532,brd-k30019337,55,30.555555555555557,1.0241331360556862,0.05064645087885291,0.01548,False,False,0.003842,2005
533,fgin-1-27,54,30.0,1.0144559741020203,0.051482863127962214,0.01544,False,False,0.005796,2005
534,abiraterone,40,22.22222222222222,1.0021500796079637,0.069241894251943,0.01539,False,True,-0.001185,1279
535,bec,53,29.444444444444443,0.9977164898278579,0.05185563313955712,0.01527,False,False,0.007947,2005
536,brd-k75293299,53,29.444444444444443,1.0125989475340214,0.0499537235112466,0.01471,False,False,0.003836,2005
537,brd-k78574327,54,30.0,1.0290580402921747,0.04890950284751907,0.01467,False,False,0.003889,2005
538,qw-bi-011,54,30.0,1.0008910784014948,0.047240631799708,0.01417,False,False,0.008744,2005
539,brd9876:mk-1775 (4:1 mol/mol),16,8.88888888888889,0.7781194560229778,0.13522174008186694,0.01202,False,False,0.01811,221
540,brd-k30748066,16,8.88888888888889,0.7426508106291294,0.13409671333380502,0.01192,False,False,0.04175,221
541,brd-k01737880,16,8.88888888888889,0.9260608926415443,0.13049676011880215,0.0116,False,False,0.011691,221
542,gsk-j4,16,8.88888888888889,0.8389508984982967,0.12714268350720825,0.0113,False,True,-0.011165,221
543,sr8278,16,8.88888888888889,0.8975751884281635,0.1157455814745038,0.01029,False,False,0.004195,221
544,bafilomycin a1,16,8.88888888888889,0.7334089353680611,0.09849828771732586,0.00876,False,False,0.019167,221
545,brd-k33514849,16,8.88888888888889,0.9024744182825089,0.07544078661036831,0.00671,False,False,0.021844,221
