drug,n_val,pca_val_mse,scgpt_val_mse,baseline_val_mse,scgpt_minus_pca
snx-2112,7121,0.025988450273871422,0.027039438486099243,0.026886360372552688,0.0010509882122278214
decitabine,6827,0.004807475488632917,0.005643488373607397,0.00469235542966431,0.0008360128849744797
brd-k63431240,7121,0.010453625582158566,0.010256914421916008,0.01045886136996458,-0.00019671116024255753
pha-793887,7121,0.01581214740872383,0.015466060489416122,0.015692347516323275,-0.00034608691930770874
pd318088,7121,0.030087923631072044,0.03002009354531765,0.031125179642690855,-6.783008575439453e-05
pazopanib,6816,0.015530604869127274,0.015356050804257393,0.015472181683702358,-0.00017455406486988068
ceranib-2,7121,0.010122054256498814,0.010024551302194595,0.0098341958095001,-9.750295430421829e-05
vincristine,7121,0.04536447301506996,0.04564887285232544,0.04491300740500461,0.0002843998372554779
osi-027,6816,0.0074527631513774395,0.008666619658470154,0.007619359588607792,0.0012138565070927143
nsc632839,6783,0.00999969057738781,0.011168243363499641,0.009653120493133513,0.0011685527861118317
curcumin,7121,0.0036696798633784056,0.0037035748828202486,0.003600817575978531,3.389501944184303e-05
sb-225002,7121,0.010913402773439884,0.011075048707425594,0.011147239794610568,0.00016164593398571014
ml311,7121,0.005347562953829765,0.005622695665806532,0.005434004582932344,0.0002751327119767666
c6-ceramide,7121,0.004896563943475485,0.0047883279621601105,0.005004382918673307,-0.00010823598131537437
b02,7121,0.011947672814130783,0.011630193330347538,0.011679467047410536,-0.0003174794837832451
cytochalasin b,7121,0.00479777529835701,0.004784737713634968,0.004497126001603323,-1.3037584722042084e-05
sirolimus,7121,0.01262708380818367,0.013107351027429104,0.01267947582914654,0.0004802672192454338
pyrazolanthrone,7121,0.0040487851947546005,0.004567068535834551,0.00398514010903185,0.0005182833410799503
bi-2536,7121,0.029368547722697258,0.02931739017367363,0.02905393716560411,-5.1157549023628235e-05
brd-k41597374,6783,0.0024878354743123055,0.0027649083640426397,0.0021493325219857236,0.0002770728897303343
triptolide,7121,0.007686678320169449,0.007346834987401962,0.0074306935999294416,-0.00033984333276748657
neratinib,7121,0.015415864065289497,0.016258414834737778,0.015414457266595873,0.0008425507694482803
triazolothiadiazine,7121,0.023100774735212326,0.023289913311600685,0.022436440490186702,0.00018913857638835907
mgcd-265,7121,0.004125490318983793,0.004285904578864574,0.003851323352344591,0.00016041425988078117
apicidin,7121,0.008420336991548538,0.008295861072838306,0.00817497733063413,-0.00012447591871023178
veliparib,7121,0.003518934128805995,0.004167770501226187,0.0027856422439887095,0.0006488363724201918
gdc-0941,7121,0.020064473152160645,0.01930704154074192,0.019663740251199907,-0.0007574316114187241
dasatinib,7121,0.030343998223543167,0.03032092936336994,0.029713821909297597,-2.3068860173225403e-05
lenvatinib,7121,0.009816858917474747,0.010101725347340107,0.009849337189728748,0.00028486642986536026
l-685458,7121,0.00481852563098073,0.004692406393587589,0.00439408798716164,-0.0001261192373931408
yk 4-279,7121,0.005437938030809164,0.0055555310100317,0.005625036646969315,0.00011759297922253609
ic-87114,6816,0.003395210485905409,0.0033419174142181873,0.0033406508363949716,-5.329307168722153e-05
linifanib,7121,0.005274488124996424,0.005008183419704437,0.004925886909122426,-0.00026630470529198647
sirolimus:bortezomib (250:1 mol/mol),6783,0.010603992268443108,0.011235508136451244,0.01049860873316001,0.0006315158680081367
leptomycin b,7121,0.023077215999364853,0.023140255361795425,0.02312139264673535,6.303936243057251e-05
brd-k04800985,7121,0.002017672872170806,0.002050983952358365,0.0016268583358286393,3.331108018755913e-05
brd-k07442505,7121,0.0033971674274653196,0.0036316150799393654,0.002874352356058532,0.00023444765247404575
linsitinib,7121,0.005598843097686768,0.005677994340658188,0.00561145975936677,7.915124297142029e-05
clofarabine,7121,0.023958655074238777,0.024970877915620804,0.02253573772678542,0.0010122228413820267
ml162,7121,0.02661135047674179,0.02669564262032509,0.02671133543170167,8.429214358329773e-05
sch-79797,7121,0.010360750369727612,0.010876486077904701,0.010188836307002647,0.0005157357081770897
ml239,7121,0.0047645652666687965,0.0048337168991565704,0.0045602523303414225,6.91516324877739e-05
quizartinib,7121,0.007046127691864967,0.006959228776395321,0.006510377558602226,-8.689891546964645e-05
cct036477,7121,0.006615223828703165,0.00626108143478632,0.005903833656998813,-0.0003541423939168453
carboplatin:etoposide (40:17 mol/mol),7121,0.00456251809373498,0.005665035918354988,0.004584287810519386,0.0011025178246200085
necrostatin-7,6924,0.003822636790573597,0.0036258341278880835,0.0033075836802472108,-0.0001968026626855135
pf-573228,7121,0.006387882400304079,0.006614396348595619,0.0061343574578683335,0.00022651394829154015
parbendazole,7121,0.03194784000515938,0.03162486478686333,0.03178960626329841,-0.000322975218296051
gsk4112,7121,0.0033552763052284718,0.003145011840388179,0.0031828003129070626,-0.00021026446484029293
nsc48300,7121,0.005642659030854702,0.006342877168208361,0.005185746988662588,0.0007002181373536587
plx-4720,7121,0.007752979639917612,0.007794792763888836,0.0075980014224461085,4.181312397122383e-05
nvp-231,7121,0.005261305719614029,0.005505474284291267,0.005375882954326452,0.00024416856467723846
lbh-589,7121,0.014068534597754478,0.014117376878857613,0.014526315036294308,4.8842281103134155e-05
doxorubicin,6924,0.01262836717069149,0.013319901190698147,0.012817131984139031,0.0006915340200066566
zebularine,7121,0.0042543006129562855,0.004411567002534866,0.004008739308118705,0.00015726638957858086
gmx-1778,7121,0.012210749089717865,0.012238753028213978,0.011484302351407986,2.8003938496112823e-05
gdc-0879,7121,0.00977787934243679,0.010053996928036213,0.010093818647417607,0.00027611758559942245
tgx-221,6816,0.006715570110827684,0.006854583043605089,0.006551853773191557,0.00013901293277740479
sr-ii-138a,6816,0.018775559961795807,0.01873166672885418,0.018224148189642707,-4.38932329416275e-05
unc0638,7121,0.009033191949129105,0.007970534265041351,0.009267138323301963,-0.0010626576840877533
azd8055,6816,0.015272482298314571,0.01485859602689743,0.015076896345328964,-0.00041388627141714096
fqi-2,7121,0.016460005193948746,0.0167134627699852,0.016707780714481046,0.00025345757603645325
etomoxir,6816,0.0018263508100062609,0.001900886301882565,0.001958469429723176,7.453549187630415e-05
ko-143,7121,0.006325426511466503,0.006076035555452108,0.006233981819866874,-0.00024939095601439476
ac55649,7121,0.003545920131728053,0.003625321201980114,0.003035146291951593,7.940107025206089e-05
alisertib,6816,0.007917182520031929,0.008380439132452011,0.0083010289695258,0.0004632566124200821
tpca-1,6816,0.007487601600587368,0.007676200475543737,0.007830195519746121,0.0001885988749563694
carboplatin,7121,0.0018653110601007938,0.0024105620104819536,0.0017391084381515047,0.0005452509503811598
navitoclax,7121,0.01659013144671917,0.01716667413711548,0.0163058885789014,0.0005765426903963089
topotecan,6816,0.011932396329939365,0.012737463228404522,0.011842645804154232,0.0008050668984651566
fumonisin b1,7121,0.004398053511977196,0.004040851257741451,0.0040190912630545614,-0.0003572022542357445
tipifarnib-p1,7121,0.008004965260624886,0.007974516600370407,0.007738781835844382,-3.0448660254478455e-05
myricetin,6783,0.004212789237499237,0.004483361262828112,0.004246356685004782,0.0002705720253288746
brd-k33199242,6586,0.0021954081021249294,0.002904402557760477,0.001962657131707089,0.0007089944556355476
azd6482,7121,0.005500756669789553,0.005342305172234774,0.004809098849212534,-0.00015845149755477905
pik-93,7121,0.007320126984268427,0.007426646538078785,0.0073482563490922664,0.00010651955381035805
cerulenin,7121,0.003804649692028761,0.0038975223433226347,0.003640341876784402,9.287265129387379e-05
brd9876,7121,0.010919672437012196,0.010726075619459152,0.0108194712882383,-0.00019359681755304337
unc0321,6783,0.002319167833775282,0.002209052676334977,0.0019210192082433101,-0.00011011515744030476
isox,7121,0.005144138354808092,0.004986020270735025,0.004971344780503023,-0.0001581180840730667
ver-155008,6783,0.0036706188693642616,0.003391955979168415,0.003404952900535264,-0.00027866289019584656
brd1835,6783,0.005464647896587849,0.005451757460832596,0.0054756274361294,-1.2890435755252838e-05
brd-k66453893,7121,0.00892280600965023,0.008756334893405437,0.008895436655535782,-0.00016647111624479294
gefitinib,6915,0.01959676668047905,0.019737567752599716,0.01998368206353464,0.0001408010721206665
brd-k70511574,7121,0.014669048599898815,0.015324228443205357,0.014919956293889277,0.0006551798433065414
nilotinib,6816,0.013503406196832657,0.011925607919692993,0.013846238544958164,-0.0015777982771396637
vu0155056,6816,0.004284700378775597,0.0039033538196235895,0.0037675524653725196,-0.0003813465591520071
imatinib,7121,0.009551802650094032,0.009844087064266205,0.009265495639429154,0.00029228441417217255
nsc23766,7121,0.00804255809634924,0.008016093634068966,0.008025782178617928,-2.6464462280273438e-05
nsc30930,7121,0.0026953404303640127,0.0028830135706812143,0.0023585912025429366,0.00018767314031720161
brd8899,6924,0.003815461415797472,0.00563569413498044,0.003783483003959366,0.0018202327191829681
ouabain,6816,0.02518918737769127,0.025910325348377228,0.025972286041367677,0.0007211379706859589
mln2238,6816,0.006858465727418661,0.00691843219101429,0.007071945073623754,5.996646359562874e-05
rita,7121,0.046413108706474304,0.04409456253051758,0.04570863905770962,-0.002318546175956726
bms-195614,6783,0.002779776230454445,0.002603261498734355,0.0025704341298871352,-0.0001765147317200899
bortezomib,7121,0.0069245221093297005,0.006542419549077749,0.006980324790149062,-0.0003821025602519512
kx2-391,7121,0.03306131437420845,0.032915350049734116,0.032721981227418935,-0.00014596432447433472
ku-60019,7121,0.0062813470140099525,0.007505764253437519,0.006015417861498162,0.0012244172394275665
birinapant,6783,0.008644204586744308,0.010096666403114796,0.007869726466448087,0.0014524618163704872
bibr-1532,6816,0.006245882716029882,0.006260013207793236,0.005995409694811051,1.4130491763353348e-05
brd-a71883111,7121,0.0028773723170161247,0.0026655015535652637,0.002607326851654308,-0.00021187076345086098
sr1001,7121,0.0033485370222479105,0.0035623747389763594,0.002852686172567155,0.00021383771672844887
sgx-523,7121,0.00338289188221097,0.0033533961977809668,0.003045583504825186,-2.9495684430003166e-05
erastin,7121,0.025407662615180016,0.02429346926510334,0.024668639722142175,-0.0011141933500766754
manumycin a,6816,0.006001954898238182,0.005860419478267431,0.005683574588832765,-0.0001415354199707508
merck60,7121,0.006052745971828699,0.006097340490669012,0.005836336229211937,4.459451884031296e-05
erismodegib,7121,0.0033233717549592257,0.003288844833150506,0.0038919548100035508,-3.4526921808719635e-05
ruxolitinib,7121,0.00627636443823576,0.007734558079391718,0.005076593953759222,0.0014581936411559582
ciclopirox,7121,0.006618370767682791,0.006726414430886507,0.006729840576514657,0.00010804366320371628
fluorouracil,7121,0.014660844579339027,0.013392474502325058,0.013100302713969626,-0.0012683700770139694
selumetinib,6497,0.027204906567931175,0.02716374397277832,0.027426396592847856,-4.116259515285492e-05
jw-480,7121,0.002689596265554428,0.0032044637482613325,0.0024786142673441326,0.0005148674827069044
jq-1,7121,0.01189299114048481,0.011587634682655334,0.011583319465910022,-0.0003053564578294754
sb-743921,6816,0.051785219460725784,0.05139986053109169,0.051726018258663554,-0.00038535892963409424
erlotinib,6924,0.022139079868793488,0.02142607606947422,0.0221652842247564,-0.0007130037993192673
dacarbazine,6816,0.002503469819203019,0.0028056043665856123,0.002636938613474589,0.00030213454738259315
cd-437,6816,0.007658477872610092,0.007702963426709175,0.007095072581095549,4.448555409908295e-05
cay10618,7121,0.024642840027809143,0.023896925151348114,0.023898774495424702,-0.000745914876461029
ml203,7121,0.003689297242090106,0.003988750744611025,0.0034141332648578576,0.00029945350252091885
brd-k88742110,6816,0.004745785146951675,0.004654804244637489,0.004589494602559584,-9.09809023141861e-05
mk-0752,7121,0.0058413418009877205,0.005677650682628155,0.005474489963538097,-0.00016369111835956573
isoevodiamine,6816,0.005422472488135099,0.005443958565592766,0.005395782788316548,2.1486077457666397e-05
docetaxel:tanespimycin (2:1 mol/mol),7121,0.039307571947574615,0.04002946987748146,0.0402890207563326,0.0007218979299068451
lovastatin,6783,0.012703369371592999,0.011544156819581985,0.011391081548840554,-0.001159212552011013
crizotinib:plx-4032 (2:1 mol/mol),7121,0.00999858696013689,0.010087973438203335,0.010424567707423968,8.93864780664444e-05
navitoclax:plx-4032 (1:1 mol/mol),7121,0.01632782444357872,0.017021935433149338,0.01638540195272073,0.0006941109895706177
ml050,6816,0.002934894058853388,0.002985041355714202,0.0026689867179561437,5.0147296860814095e-05
brd9647,7121,0.0024721024092286825,0.0024564822670072317,0.0021680003943661905,-1.5620142221450806e-05
le-135,6816,0.00722541706636548,0.0075783440843224525,0.006622083663037188,0.0003529270179569721
gsk525762a,7121,0.00969659723341465,0.009601052850484848,0.009639811066898351,-9.554438292980194e-05
selumetinib:plx-4032 (8:1 mol/mol),7121,0.021145010367035866,0.02095414511859417,0.02135421534121882,-0.00019086524844169617
regorafenib,7003,0.009016581811010838,0.008694972842931747,0.009212374892875632,-0.0003216089680790901
pl-di,7121,0.003314209170639515,0.0034039567690342665,0.0034344397273495535,8.974759839475155e-05
tg-100-115,7121,0.004270970821380615,0.004246695898473263,0.0040328877536522445,-2.4274922907352448e-05
platin,7121,0.0022110650315880775,0.003285673214122653,0.0017804383358622996,0.0010746081825345755
su11274,7121,0.0069765327498316765,0.007065542973577976,0.0072309066802916065,8.901022374629974e-05
brd-k35604418,7121,0.005227480549365282,0.004964795429259539,0.005127068091456198,-0.0002626851201057434
brd-k34222889,7121,0.006134776398539543,0.006267694290727377,0.006017360539822289,0.00013291789218783379
rg-108,7121,0.003108349861577153,0.0029637287370860577,0.0028105567913778978,-0.00014462112449109554
pifithrin-mu,6783,0.0028632041066884995,0.0029758878517895937,0.0029879335630809364,0.00011268374510109425
saracatinib,6783,0.008021384477615356,0.008240974508225918,0.008008837810213857,0.00021959003061056137
sb-431542,7121,0.004216575063765049,0.004055268596857786,0.004079073861630344,-0.0001613064669072628
brd-k24690302,6924,0.004200993105769157,0.004268768709152937,0.004013235270644043,6.777560338377953e-05
brd-k17060750,6924,0.0019149237778037786,0.0021807842422276735,0.0018088564369209549,0.0002658604644238949
brd-k03536150,6783,0.004854666534811258,0.004664113745093346,0.004533771634285719,-0.00019055278971791267
selumetinib:unc0638 (4:1 mol/mol),7121,0.021598683670163155,0.02115474082529545,0.02173850538146269,-0.0004439428448677063
piperlongumine,6742,0.004887842107564211,0.0052528767846524715,0.00475148785579881,0.00036503467708826065
plx-4032,7121,0.00896504521369934,0.008340900763869286,0.009210534162688277,-0.0006241444498300552
azd7762,6816,0.010405845008790493,0.01079226192086935,0.010337319091789676,0.0003864169120788574
axitinib,7121,0.010287126526236534,0.010258602909743786,0.010301073207681585,-2.852361649274826e-05
brd-k85133207,7121,0.002050163922831416,0.001999584725126624,0.002001198188582783,-5.057919770479202e-05
brd-k80183349,7121,0.004886539187282324,0.0049355546943843365,0.004807460503513724,4.9015507102012634e-05
obatoclax,6586,0.008043142035603523,0.007943065837025642,0.007857777303151547,-0.00010007619857788086
3-cl-ahpc,7121,0.01404584851115942,0.015029152855277061,0.01386678150347515,0.0009833043441176414
agk-2,7121,0.0034782143775373697,0.0034650075249373913,0.0032995585554137863,-1.3206852599978447e-05
way-362450,6478,0.002617557067424059,0.002720193937420845,0.002132836621047513,0.00010263686999678612
pi-103,6816,0.015009825117886066,0.014961241744458675,0.014512204393633628,-4.858337342739105e-05
azd7545,7121,0.009210695512592793,0.009094473905861378,0.009333721234529184,-0.0001162216067314148
tanespimycin:gemcitabine (1:1 mol/mol),7121,0.02229616604745388,0.022883586585521698,0.022618484384063678,0.0005874205380678177
snx-2112:bortezomib (250:1 mol/mol),7121,0.012519421055912971,0.012471661902964115,0.01240817263820583,-4.7759152948856354e-05
tg-101348,7121,0.009991202503442764,0.009750915691256523,0.010125697824009704,-0.00024028681218624115
semagacestat,6816,0.0034485829528421164,0.0035323614720255136,0.003127972373158367,8.377851918339729e-05
hli 373,6783,0.003597978502511978,0.0033616034779697657,0.0035657080545343626,-0.00023637502454221249
lomeguatrib,6478,0.0021932756062597036,0.0022722005378454924,0.0016497811526483934,7.892493158578873e-05
cytarabine hydrochloride,6619,0.015226824209094048,0.017008798196911812,0.015739024826616117,0.0017819739878177643
brd-a02303741:carboplatin (1:1 mol/mol),6783,0.002397902775555849,0.003530127229169011,0.0021238535446372526,0.001132224453613162
i-bet151,6478,0.0074051739647984505,0.007266341708600521,0.007198863496843991,-0.00013883225619792938
ski-ii,7121,0.004107954911887646,0.0038984715938568115,0.0035471843908791985,-0.0002094833180308342
bosutinib,7121,0.006608991883695126,0.006890394724905491,0.0073911607700489134,0.0002814028412103653
bms-754807,7121,0.011114474385976791,0.012050656601786613,0.011404017811510405,0.0009361822158098221
iu1,7121,0.0031448279041796923,0.0031804784666746855,0.003284730701639581,3.565056249499321e-05
"1s,3r-rsl-3",7047,0.040127336978912354,0.04097694531083107,0.040441011160194634,0.0008496083319187164
bms-270394,6816,0.002828634111210704,0.003391170408576727,0.0023074630652742353,0.0005625362973660231
tanespimycin,7121,0.020901568233966827,0.021121537312865257,0.02121541637976278,0.00021996907889842987
spautin-1,6924,0.0080872168764472,0.007829000242054462,0.007834669777881265,-0.00025821663439273834
bix-01294,6816,0.005626743193715811,0.005431573837995529,0.005949326292169827,-0.0001951693557202816
stemregenin 1,7121,0.004345641937106848,0.004467119462788105,0.004328686623793214,0.00012147752568125725
fingolimod,7121,0.0023424355313181877,0.0024091911036521196,0.002451755944552344,6.675557233393192e-05
ku-55933,7121,0.00494893966242671,0.004877512808889151,0.004610419555013216,-7.142685353755951e-05
ku-0063794,6816,0.008391106501221657,0.007999979890882969,0.008135131943847311,-0.0003911266103386879
gant-61,6783,0.007203183136880398,0.007457348983734846,0.006701093635547001,0.0002541658468544483
ku 0060648,7121,0.01181836798787117,0.012230703607201576,0.011928629233579046,0.0004123356193304062
entinostat,7121,0.01378574687987566,0.013782225549221039,0.013579495045304833,-3.5213306546211243e-06
tretinoin,7121,0.0062042176723480225,0.00591537868604064,0.005584262623616154,-0.0002888389863073826
ipr-456,6783,0.0029303336050361395,0.0028479942120611668,0.0026386074065345494,-8.233939297497272e-05
cr-1-31b,6251,0.020033659413456917,0.020664794370532036,0.02028819365729387,0.000631134957075119
tamatinib,7121,0.011442425660789013,0.011388471350073814,0.011704382240524848,-5.395431071519852e-05
crizotinib,7121,0.006526641082018614,0.006689657457172871,0.0064536482525357625,0.00016301637515425682
nvp-bsk805,6478,0.007594249211251736,0.007353235501796007,0.007870211337627917,-0.00024101370945572853
navitoclax:birinapant (1:1 mol/mol),7121,0.013164098374545574,0.01406845636665821,0.011482360446129719,0.0009043579921126366
chir-99021,6783,0.0105467913672328,0.011289886198937893,0.010110320995832206,0.0007430948317050934
mst-312,6816,0.003945549018681049,0.0036941540893167257,0.0036239735967782513,-0.0002513949293643236
prochlorperazine,7121,0.009846069850027561,0.0098681366071105,0.00923948782517293,2.2066757082939148e-05
n9-isopropylolomoucine,7121,0.005241114180535078,0.005720658227801323,0.004968047678710205,0.0004795440472662449
pluripotin,7121,0.01033847313374281,0.010497098788619041,0.0104730200936918,0.00015862565487623215
canertinib,6818,0.02025378867983818,0.02085234597325325,0.02026175262783358,0.0005985572934150696
cal-101,7121,0.004608532879501581,0.004786816891282797,0.0046248863364254135,0.00017828401178121567
navitoclax:sorafenib (1:1 mol/mol),7121,0.010398662649095058,0.010208259336650372,0.010221617378807045,-0.0001904033124446869
necrostatin-1,7121,0.004058695863932371,0.005269370973110199,0.0037042872419498505,0.0012106751091778278
brd-k50799972,6783,0.0057273199781775475,0.006111139431595802,0.005513902371168434,0.00038381945341825485
phloretin,6783,0.0022642004769295454,0.002383182756602764,0.002047741277063455,0.00011898227967321873
brd6340,6118,0.0012573216808959842,0.001268150401301682,0.0013824631418259826,1.0828720405697823e-05
brd-k64610608,6783,0.0037537708412855864,0.003613655921071768,0.003818638119052713,-0.00014011492021381855
niclosamide,7121,0.009359166026115417,0.009137426503002644,0.00914800108461604,-0.0002217395231127739
oxaliplatin,6783,0.008173990063369274,0.008358907885849476,0.00757176961307511,0.00018491782248020172
olaparib,6816,0.004162002354860306,0.003920216113328934,0.003928580873908853,-0.00024178624153137207
nvp-tae684,6816,0.007393661420792341,0.009355016052722931,0.007733197130683538,0.0019613546319305897
nutlin-3,7121,0.006221989169716835,0.006102890241891146,0.005726492272931445,-0.00011909892782568932
ch-55,6478,0.006889167241752148,0.006552853621542454,0.00636154526058003,-0.0003363136202096939
zstk474,7121,0.0129397576674819,0.013487812131643295,0.01313402791901519,0.000548054464161396
chlorambucil,7121,0.008310818113386631,0.008225120604038239,0.008057285213065273,-8.569750934839249e-05
brd-k13999467,6924,0.0035278305877000093,0.003306554863229394,0.003034975664078198,-0.0002212757244706154
ml083,7121,0.0021115851122885942,0.0023031907621771097,0.00193068345415111,0.00019160564988851547
selumetinib:mk-2206 (8:1 mol/mol),7121,0.016862720251083374,0.01683812029659748,0.016818301362849595,-2.459995448589325e-05
sb-525334,6816,0.00669622328132391,0.006878978107124567,0.006813995002110356,0.00018275482580065727
cid-5951923,7047,0.004249251913279295,0.004314502701163292,0.00444997956755654,6.525078788399696e-05
chm-1,7047,0.014206720516085625,0.014212197624146938,0.014677809887516262,5.477108061313629e-06
selumetinib:piperlongumine (8:1 mol/mol),6816,0.025908634066581726,0.024616099894046783,0.026184333168866508,-0.0012925341725349426
xl765,7121,0.0036468778271228075,0.0039965626783668995,0.0035154193899572554,0.000349684851244092
npc-26,7006,0.009692437946796417,0.009438606910407543,0.00960715599878506,-0.00025383103638887405
vorapaxar,6783,0.0046724737621843815,0.004961737431585789,0.004343082757828129,0.00028926366940140724
pf-543,6783,0.0039156279526650906,0.003946276847273111,0.0041395058167703995,3.064889460802078e-05
mitomycin,6915,0.023241955786943436,0.02339436113834381,0.022781393973990163,0.00015240535140037537
tretinoin:navitoclax (4:1 mol/mol),7121,0.01359016913920641,0.014750595204532146,0.013522809397181456,0.001160426065325737
selumetinib:brd-a02303741 (4:1 mol/mol),6816,0.02417132258415222,0.023282857611775398,0.02416975417146345,-0.0008884649723768234
selumetinib:tretinoin (2:1 mol/mol),7121,0.02776404283940792,0.02602895349264145,0.028105708104916877,-0.0017350893467664719
neuronal differentiation inducer iii,6742,0.00833920668810606,0.008014572784304619,0.008149074526064488,-0.0003246339038014412
serdemetan:sch-529074 (1:1 mol/mol),7121,0.006623626686632633,0.006679256912320852,0.006563487270999009,5.563022568821907e-05
tivozanib,7121,0.003996808081865311,0.004131791181862354,0.004004079564724816,0.0001349830999970436
silmitasertib,7121,0.00770631805062294,0.007889717817306519,0.007840179515236604,0.0001833997666835785
itraconazole,6816,0.0037009285297244787,0.0037429011426866055,0.0038167189758154998,4.197261296212673e-05
sildenafil,7121,0.004355798941105604,0.005270409397780895,0.003863528915430941,0.0009146104566752911
stf-31,6586,0.016160888597369194,0.0156974159181118,0.015540717193821654,-0.0004634726792573929
sj-172550,7121,0.0033293780870735645,0.0030826523434370756,0.002772920961198263,-0.0002467257436364889
navitoclax:mst-312 (1:1 mol/mol),7047,0.013170849531888962,0.012911629863083363,0.013284304340199811,-0.0002592196688055992
jq-1:navitoclax (2:1 mol/mol),7047,0.013403628952801228,0.01287654135376215,0.01328657544221818,-0.0005270875990390778
jq-1:vorinostat (2:1 mol/mol),6522,0.008380366489291191,0.008037159219384193,0.00811026757071481,-0.0003432072699069977
ml258,6783,0.00257372809574008,0.002577565610408783,0.0023115647844562347,3.837514668703079e-06
tamoxifen,6816,0.00806665699928999,0.008108009584248066,0.007477738118864011,4.135258495807648e-05
nvp-adw742,7121,0.01462660450488329,0.015408952720463276,0.014737278705559883,0.0007823482155799866
nakiterpiosin,6783,0.012425608932971954,0.012527933344244957,0.012186637107205668,0.00010232441127300262
rigosertib,7121,0.03312917798757553,0.03394137695431709,0.033496501195744106,0.0008121989667415619
px-12,6783,0.006379459984600544,0.0074457935988903046,0.006027777369457492,0.0010663336142897606
sorafenib,6816,0.007443364709615707,0.007141984533518553,0.007344292508724367,-0.0003013801760971546
masitinib,6816,0.005068429280072451,0.005071135237812996,0.005437944371485013,2.705957740545273e-06
16-beta-bromoandrosterone,7121,0.003693132661283016,0.003844326362013817,0.0035718639146582513,0.00015119370073080063
brd-k45681478,7121,0.009305017068982124,0.009897518903017044,0.00896675131859916,0.0005925018340349197
brd-k19103580,6281,0.0027183149941265583,0.002570532029494643,0.002441394101879215,-0.0001477829646319151
bendamustine,6522,0.004584028385579586,0.004747260827571154,0.004437517421651295,0.0001632324419915676
etoposide,7047,0.00954003632068634,0.009703864343464375,0.00936262629705757,0.0001638280227780342
brd-k29313308,6478,0.003036137204617262,0.0034947567619383335,0.0024723197461667687,0.0004586195573210716
cay10594,6816,0.004754418507218361,0.004517878405749798,0.004332429713347447,-0.00023654010146856308
fluvastatin,7121,0.008856766857206821,0.008756153285503387,0.008092290352054107,-0.00010061357170343399
elocalcitol,6783,0.007656343746930361,0.007836042903363705,0.007731133708730499,0.0001796991564333439
betulinic acid,6816,0.005870034918189049,0.005848020315170288,0.005929162876121762,-2.201460301876068e-05
compound 23 citrate,6510,0.0030364301055669785,0.0029457206837832928,0.00274420261333804,-9.070942178368568e-05
dbeq,6624,0.004146846476942301,0.004425584804266691,0.0047601582274914645,0.0002787383273243904
brivanib,7121,0.016316043213009834,0.01565363258123398,0.016739519612666537,-0.000662410631775856
doxorubicin:navitoclax (2:1 mol/mol),7121,0.011622807942330837,0.012545225210487843,0.011637357139459025,0.0009224172681570053
selumetinib:gdc-0941 (4:1 mol/mol),7121,0.016117582097649574,0.015326619148254395,0.016303291619365737,-0.0007909629493951797
dexamethasone,7121,0.0061303069815039635,0.00628594309091568,0.005847246364293646,0.00015563610941171646
temozolomide,7121,0.0020810167770832777,0.002622077474370599,0.0017675318374196078,0.0005410606972873211
tw-37,6929,0.013371950015425682,0.013190488331019878,0.013382540239815876,-0.00018146168440580368
tacrolimus,7121,0.005297208670526743,0.005282261874526739,0.005051345503298891,-1.4946796000003815e-05
decitabine:carboplatin (1:1 mol/mol),6478,0.00617094524204731,0.006525362841784954,0.00589816937007403,0.0003544175997376442
pdmp,7047,0.002178838709369302,0.002181889256462455,0.0022365362339523656,3.050547093153e-06
brd-k14844214,6924,0.002520849695429206,0.0023127510212361813,0.0021336765842996873,-0.00020809867419302464
sunitinib,7047,0.004166658502072096,0.004690189845860004,0.004090469750963276,0.0005235313437879086
nelarabine,6924,0.011023885570466518,0.010385639034211636,0.011209740017379495,-0.0006382465362548828
brd-k28456706,7121,0.00812702439725399,0.008013693615794182,0.007585914559965383,-0.00011333078145980835
ex-527,7121,0.0036205544602125883,0.003498353995382786,0.0036457140329309943,-0.0001222004648298025
pandacostat,6497,0.0013977602357044816,0.001341399853117764,0.0016727607966893453,-5.6360382586717606e-05
brd1812,6701,0.008236544206738472,0.008477766998112202,0.008609653138409881,0.0002412227913737297
nintedanib,7121,0.00887139793485403,0.009795780293643475,0.008627034870393875,0.000924382358789444
brd-k02251932,6783,0.0038202961441129446,0.004494711756706238,0.0033549179829440337,0.0006744156125932932
bexarotene,6633,0.006623041350394487,0.008890895172953606,0.006148270818336703,0.0022678538225591183
wp1130,7121,0.003922737203538418,0.003696553874760866,0.0035018296156604243,-0.00022618332877755165
pifithrin-alpha,6816,0.0036196173168718815,0.0038866791874170303,0.003586116061924896,0.00026706187054514885
brd-k51490254,6497,0.0037978775799274445,0.003910555969923735,0.003547912769198228,0.00011267838999629021
gw-405833,6478,0.005395715590566397,0.0055563622154295444,0.005058108151212293,0.00016064662486314774
vorinostat:carboplatin (1:1 mol/mol),6816,0.005176058504730463,0.0052649700082838535,0.005185990294726584,8.89115035533905e-05
ci-976,7047,0.009238258935511112,0.009030390530824661,0.009354948930132312,-0.00020786840468645096
ml320,6783,0.018790751695632935,0.019484858959913254,0.018292476956916458,0.0006941072642803192
aa-cocf3,7121,0.01152944564819336,0.011657114140689373,0.011302826456846783,0.00012766849249601364
methotrexate,6710,0.03975817933678627,0.04004264250397682,0.040032817268626564,0.00028446316719055176
brd-k71781559,6835,0.006478483323007822,0.0065322439186275005,0.005534597301403128,5.37605956196785e-05
navitoclax:pluripotin (1:1 mol/mol),6423,0.021380022168159485,0.02150595560669899,0.021432196582983627,0.000125933438539505
paclitaxel,6497,0.0439382903277874,0.0435929000377655,0.04344494342220057,-0.00034539029002189636
ml210,7015,0.041589878499507904,0.04195713251829147,0.04175783101647007,0.00036725401878356934
tanespimycin:bortezomib (250:1 mol/mol),7121,0.016724709421396255,0.016844995319843292,0.01675447802607358,0.00012028589844703674
cabozantinib,6827,0.014154987409710884,0.014205768704414368,0.014188716635348514,5.078129470348358e-05
nsc 74859,6478,0.0034422792959958315,0.0033772687893360853,0.003341483279092454,-6.501050665974617e-05
tandutinib,7121,0.005850399844348431,0.0053794607520103455,0.005176186489180453,-0.0004709390923380852
compound 1541a,6816,0.0030074247624725103,0.0029872653540223837,0.003085869610018221,-2.0159408450126648e-05
ml006,6783,0.00511182053014636,0.0058158328756690025,0.004716160717314415,0.0007040123455226421
brd-k97651142,6850,0.03515994921326637,0.035305049270391464,0.03544358995400943,0.00014510005712509155
brd-k92856060,6783,0.007059626281261444,0.006093197036534548,0.005817888935267579,-0.0009664292447268963
serdemetan,7047,0.008062200620770454,0.007926863618195057,0.008004484328814105,-0.0001353370025753975
brd8958,7121,0.005787558853626251,0.005556832067668438,0.006016277901881462,-0.00023072678595781326
az-3146,7121,0.008225820027291775,0.008485768921673298,0.007947115899939303,0.00025994889438152313
ki8751,7121,0.005521778482943773,0.005734371952712536,0.005349395671306712,0.0002125934697687626
prl-3 inhibitor i,7121,0.003000869182869792,0.003610998159274459,0.002664266096258688,0.0006101289764046669
hyperforin,7121,0.00559406541287899,0.0055696493946015835,0.005665513544362617,-2.4416018277406693e-05
procarbazine,6783,0.007235695607960224,0.008366485126316547,0.006819569935025846,0.0011307895183563232
gossypol,6783,0.00800129771232605,0.007611068431288004,0.007589055246105699,-0.0003902292810380459
purmorphamine,6650,0.008183887228369713,0.007721151690930128,0.008045955828061564,-0.00046273553743958473
pf-184,7121,0.009637964889407158,0.00862592738121748,0.00853403984528556,-0.0010120375081896782
vandetanib,6622,0.005944779608398676,0.005822158884257078,0.0059289727120824,-0.00012262072414159775
jq-1:mk-0752 (1:1 mol/mol),7121,0.020778898149728775,0.02065257355570793,0.020885228719254825,-0.0001263245940208435
valdecoxib,7121,0.007062089629471302,0.006977135315537453,0.006952654819921261,-8.495431393384933e-05
unc0638:navitoclax (1:1 mol/mol),6423,0.014093686826527119,0.01426403783261776,0.013680853859969418,0.00017035100609064102
pevonedistat,6816,0.020698055624961853,0.020509829744696617,0.020205758384852317,-0.0001882258802652359
lapatinib,7121,0.014759069308638573,0.014624419622123241,0.015131952531078042,-0.00013464968651533127
brd-k61166597,6497,0.011439308524131775,0.010893216356635094,0.010602867463846347,-0.0005460921674966812
kw-2449,6577,0.0078085134737193584,0.007799081038683653,0.007328923101919595,-9.432435035705566e-06
azacitidine,7121,0.003975342493504286,0.004024128429591656,0.0038799316932283004,4.878593608736992e-05
ly-2183240,6701,0.007590055465698242,0.008258175104856491,0.007317079095536129,0.0006681196391582489
gsk-3 inhibitor ix,6478,0.010829750448465347,0.010485934093594551,0.01071274680188377,-0.0003438163548707962
trifluoperazine,6783,0.005986607633531094,0.006054076366126537,0.005756952715122024,6.746873259544373e-05
sch-529074,6816,0.003454151563346386,0.0035841716453433037,0.0035481361700417284,0.00013002008199691772
selumetinib:navitoclax (8:1 mol/mol),6843,0.029679901897907257,0.029391786083579063,0.0302378851595122,-0.00028811581432819366
ciclosporin,7047,0.008309450931847095,0.00745726702734828,0.008310841213345469,-0.0008521839044988155
navitoclax:gemcitabine (1:1 mol/mol),6816,0.029558546841144562,0.03007788583636284,0.029363929604447683,0.000519338995218277
isox:bortezomib (250:1 mol/mol),6184,0.004940561484545469,0.005244541447609663,0.004772818463317327,0.0003039799630641937
tosedostat,7121,0.014872556552290916,0.015221763402223587,0.01459877252934797,0.0003492068499326706
hc-067047,6192,0.008740640245378017,0.00837127584964037,0.008556466394447201,-0.000369364395737648
cucurbitacin i,6497,0.01821059174835682,0.01811719685792923,0.018094534689699095,-9.339489042758942e-05
mdivi-1,7121,0.006877504289150238,0.007521411869674921,0.006575548302315591,0.000643907580524683
tretinoin:carboplatin (2:1 mol/mol),6478,0.004562283866107464,0.005607112310826778,0.00421436885795789,0.0010448284447193146
selumetinib:jq-1 (4:1 mol/mol),6816,0.027503114193677902,0.026280879974365234,0.027140152657093318,-0.0012222342193126678
decitabine:navitoclax (2:1 mol/mol),7121,0.011953935958445072,0.012530878186225891,0.012073319739091905,0.0005769422277808189
gw-843682x,7121,0.014231747947633266,0.014920631423592567,0.014260221977521208,0.000688883475959301
mk-1775,6840,0.013805611059069633,0.01435299962759018,0.013721723230710674,0.000547388568520546
brd4132,6742,0.009948765859007835,0.009954044595360756,0.009988937964070186,5.278736352920532e-06
pyr-41,6522,0.005118953995406628,0.005283808801323175,0.0046935665144668326,0.00016485480591654778
brefeldin a,7121,0.026166418567299843,0.0238337405025959,0.025427201369260997,-0.0023326780647039413
compound 1b,6402,0.028059061616659164,0.02807343564927578,0.028303538010803146,1.4374032616615295e-05
foretinib,7015,0.013235719874501228,0.013270656578242779,0.013398606257364656,3.4936703741550446e-05
mk-2206,7121,0.007256451994180679,0.00735119916498661,0.006970943047694202,9.474717080593109e-05
am-580,6770,0.01201537437736988,0.013192537240684032,0.011881474971830987,0.0011771628633141518
epigallocatechin-3-monogallate,6816,0.016260147094726562,0.014181066304445267,0.01634176129328198,-0.0020790807902812958
nsc95397,6783,0.00405544601380825,0.004018260166049004,0.003975845973520818,-3.7185847759246826e-05
brd-k11533227,6783,0.015601922757923603,0.015347565524280071,0.01581211012261103,-0.0002543572336435318
vorinostat:navitoclax (4:1 mol/mol),7121,0.01230181846767664,0.012312558479607105,0.012106594750816092,1.0740011930465698e-05
brd-k71935468,6497,0.013362603262066841,0.013426273129880428,0.013273769512360601,6.366986781358719e-05
sns-032,6827,0.023453285917639732,0.022301286458969116,0.023376306503618622,-0.0011519994586706161
bms-536924,7121,0.007790795527398586,0.007929089479148388,0.007536821513314569,0.00013829395174980164
repligen 136,6783,0.004051582422107458,0.004252965562045574,0.003977360996757877,0.00020138313993811607
brd-k37390332,6668,0.0019836779683828354,0.0030882679857313633,0.001765093778952181,0.001104590017348528
srt-1720,5854,0.005758773069828749,0.005840587429702282,0.006026371380486359,8.181435987353325e-05
bms-345541,6404,0.005648983642458916,0.005345816724002361,0.005938172042275027,-0.0003031669184565544
parthenolide,6497,0.012078138999640942,0.0115089425817132,0.011943099220700405,-0.000569196417927742
prima-1,6783,0.011396624147891998,0.01146237924695015,0.011190007075460055,6.575509905815125e-05
jq-1:carboplatin (1:1 mol/mol),6497,0.01302396971732378,0.012843222357332706,0.012920635438160206,-0.0001807473599910736
khs101,6208,0.004289042204618454,0.004242825321853161,0.004371298572155337,-4.621688276529312e-05
carboplatin:unc0638 (2:1 mol/mol),6783,0.009526698850095272,0.009626434184610844,0.010020483071205013,9.97353345155716e-05
jq-1:unc0638 (2:1 mol/mol),6423,0.012139523401856422,0.011854630894958973,0.011691414789294724,-0.0002848925068974495
ml029,6783,0.0030788229778409004,0.0038550517056137323,0.0029240769121065906,0.0007762287277728319
narciclasine,6662,0.017378097400069237,0.017593789845705032,0.01758387355453196,0.0002156924456357956
vorinostat,7006,0.014848224818706512,0.014747781679034233,0.014921476867861922,-0.00010044313967227936
momelotinib,6586,0.005534595809876919,0.006122413091361523,0.005301990921869695,0.0005878172814846039
at7867,7006,0.011806033551692963,0.01161918044090271,0.011489207254604804,-0.00018685311079025269
gsk461364,6522,0.03251226246356964,0.03321199119091034,0.03211677321330783,0.0006997287273406982
oligomycin a,6144,0.08883398026227951,0.08772484213113785,0.0905858057341621,-0.0011091381311416626
brd-k94991378,6816,0.012882804498076439,0.012782969512045383,0.012693838332562105,-9.983498603105545e-05
cd-1530,6465,0.012583483941853046,0.013325582258403301,0.011965994465946499,0.0007420983165502548
erlotinib:plx-4032 (2:1 mol/mol),6742,0.02509092539548874,0.0247864481061697,0.0258215107752091,-0.0003044772893190384
pac-1,6668,0.0065092286095023155,0.006953817326575518,0.006398374295989733,0.00044458871707320213
cay10576,5879,0.003400979796424508,0.0032252564560621977,0.0032217172567988316,-0.0001757233403623104
brd-a02303741:navitoclax (2:1 mol/mol),6497,0.01602998934686184,0.015666091814637184,0.015639879764222854,-0.00036389753222465515
afatinib,6430,0.020799463614821434,0.021173615008592606,0.021058119012575535,0.00037415139377117157
azd4547,6853,0.015528198331594467,0.015702247619628906,0.016006096814330385,0.0001740492880344391
daporinad,7006,0.01962287910282612,0.019269179552793503,0.019045643150769995,-0.00035369955003261566
brd-k66532283,6441,0.007998693734407425,0.008694949559867382,0.00755321707851748,0.0006962558254599571
brd-k55116708,5957,0.015867507085204124,0.01607470214366913,0.01589796377819395,0.00020719505846500397
barasertib,6701,0.008963297121226788,0.010384363122284412,0.008566177320301715,0.0014210660010576248
selumetinib:decitabine (4:1 mol/mol),6840,0.02598327212035656,0.025129307061433792,0.02657532940589913,-0.0008539650589227676
indisulam,6441,0.012132815085351467,0.012279273942112923,0.011701140310555625,0.00014645885676145554
wz8040,7121,0.005784914828836918,0.0056937942281365395,0.00549578897534598,-9.112060070037842e-05
navitoclax:piperlongumine (1:1 mol/mol),6085,0.014700510539114475,0.014179525896906853,0.014559290479699439,-0.0005209846422076225
pf-750,6850,0.008364029228687286,0.00830428209155798,0.008153076403031395,-5.974713712930679e-05
simvastatin,5788,0.011029982008039951,0.011103986762464046,0.009757232166537656,7.400475442409515e-05
bleomycin a2,6441,0.014239849522709846,0.014281628653407097,0.014131423441469547,4.1779130697250366e-05
salermide:plx-4032 (12:1 mol/mol),6766,0.008410473354160786,0.008285275660455227,0.008264612347923975,-0.00012519769370555878
selumetinib:vorinostat (8:1 mol/mol),5856,0.019111834466457367,0.019014716148376465,0.019677443923904442,-9.71183180809021e-05
piperlongumine:mst-312 (1:1 mol/mol),6497,0.003957304172217846,0.0039421794936060905,0.003939743011318496,-1.5124678611755371e-05
alisertib:navitoclax (2:1 mol/mol),6372,0.020378580316901207,0.02041558362543583,0.020439354343492984,3.700330853462219e-05
brd-a02303741,7006,0.004954008851200342,0.005354790017008781,0.00485090944439922,0.00040078116580843925
mi-1,6900,0.0029094992205500603,0.003977153915911913,0.0025749039594785083,0.0010676546953618526
brd-k16147474,6900,0.0028580205980688334,0.0031614210456609726,0.002833973880915515,0.00030340044759213924
ml031,6562,0.008672364056110382,0.008460508659482002,0.008538992947417985,-0.00021185539662837982
brd-k52037352,6595,0.003773376112803817,0.004172547720372677,0.003359294057850851,0.00039917160756886005
birb-796,6356,0.004202401265501976,0.004286692012101412,0.0038468497086578584,8.42907465994358e-05
brd-k09587429,6595,0.001996744889765978,0.0019300359999760985,0.0018883909637589613,-6.670888978987932e-05
brd-k02492147,6562,0.0015418697148561478,0.0014593820087611675,0.001349574784290136,-8.248770609498024e-05
abt-737,6441,0.010669819079339504,0.009989390149712563,0.010281296754997771,-0.0006804289296269417
importazole,6172,0.006591001525521278,0.00729528721421957,0.006521706297472418,0.0007042856886982918
austocystin d,6170,0.033347293734550476,0.034164879471063614,0.033530908823441674,0.0008175857365131378
yl54,6720,0.006332413759082556,0.007478517480194569,0.005150593572873332,0.0011461037211120129
sn-38,5712,0.016711968928575516,0.01747841015458107,0.016800660274241472,0.0007664412260055542
brd-k26531177,6199,0.00568458391353488,0.006262620445340872,0.005750518441276936,0.0005780365318059921
bax channel blocker,6244,0.005153961014002562,0.005655174609273672,0.004694483112478889,0.0005012135952711105
compound 7d-cis,5253,0.002238701796159148,0.00212273676879704,0.0023166886467365813,-0.00011596502736210823
gemcitabine,5751,0.030209209769964218,0.03310263156890869,0.03112355135833903,0.0028934217989444733
smer-3,6051,0.0188131220638752,0.018674245104193687,0.018601640132707663,-0.00013887695968151093
ym-155,6301,0.014430476352572441,0.014274423941969872,0.013980573157196334,-0.00015605241060256958
sid 26681509,6497,0.005185718182474375,0.004985775798559189,0.004963385369004527,-0.00019994238391518593
bardoxolone methyl,4847,0.004690776113420725,0.004752463661134243,0.004583084068446999,6.168754771351814e-05
osi-930,6078,0.0071663144044578075,0.007018941454589367,0.007047163963045366,-0.00014737294986844063
raf265,5027,0.008734364062547684,0.008661841973662376,0.008343444462993876,-7.252208888530731e-05
gsk2636771,5116,0.004675872623920441,0.004991373047232628,0.0041027893790642166,0.0003155004233121872
nvp-bez235,5116,0.020069869235157967,0.021749909967184067,0.020557321034814297,0.0016800407320261002
omacetaxine mepesuccinate,5116,0.012904202565550804,0.013267668895423412,0.013045512212970185,0.0003634663298726082
col-3,5116,0.007760017178952694,0.008482465520501137,0.007090143685123823,0.0007224483415484428
sotrastaurin,4778,0.0057959179393947124,0.006226145196706057,0.005658189839234909,0.00043022725731134415
avrainvillamide,5116,0.00633830763399601,0.007207130081951618,0.005582775636772852,0.0008688224479556084
wz4002,4778,0.008616900071501732,0.009869777597486973,0.007877396904537145,0.001252877525985241
kpt185,5116,0.03125477209687233,0.03221304714679718,0.031993703845396675,0.0009582750499248505
r428,4473,0.008589175529778004,0.00853328499943018,0.008383537616368168,-5.58905303478241e-05
pd 153035,4811,0.008736627176404,0.00949192140251398,0.00800824139828672,0.0007552942261099815
lrrk2-in-1,4822,0.008599396795034409,0.009060791693627834,0.008389942241372298,0.00046139489859342575
jw-74,5116,0.004444940946996212,0.004914139397442341,0.004015740236443463,0.00046919845044612885
methylstat,5116,0.010112685151398182,0.010252823121845722,0.01009235948653988,0.00014013797044754028
byl-719,5116,0.015851769596338272,0.017765263095498085,0.01639341608171224,0.001913493499159813
kh-cb19,5116,0.002464788965880871,0.002503471216186881,0.0022335524970313447,3.8682250306010246e-05
ml334 diastereomer,5116,0.0027217119932174683,0.003270369954407215,0.0027628083749243002,0.0005486579611897469
hbx-41108,5116,0.015987347811460495,0.015940213575959206,0.016032320787426158,-4.713423550128937e-05
ibrutinib,4473,0.013232977129518986,0.01577882468700409,0.014180412319110897,0.0025458475574851036
etp-46464,4778,0.014358741231262684,0.015540051274001598,0.014478289718177415,0.0011813100427389145
a-804598,5116,0.003030132269486785,0.0035665545146912336,0.0024490327267201917,0.0005364222452044487
tacedinaline,5116,0.005529750604182482,0.005989518482238054,0.004769872467384517,0.0004597678780555725
necrosulfonamide,5010,0.013410619460046291,0.013714596629142761,0.012910132824544137,0.0003039771690964699
nsc19630,4737,0.0037916447035968304,0.006191527470946312,0.004318620214940243,0.0023998827673494816
palmostatin b,5116,0.00506165623664856,0.005056640133261681,0.004879312487144226,-5.016103386878967e-06
salermide,5116,0.01702340692281723,0.02044413983821869,0.01623141625503329,0.0034207329154014587
at-406,4679,0.007769131101667881,0.009614215232431889,0.007415445005157387,0.0018450841307640076
pitstop2,4778,0.006553757004439831,0.006183536723256111,0.00586404595952018,-0.00037022028118371964
isonicotinohydroxamic acid,4696,0.002415295224636793,0.002243943978101015,0.003396302628484069,-0.00017135124653577805
marinopyrrole a,4811,0.007439546752721071,0.007321686018258333,0.007268463848324003,-0.00011786073446273804
brd-k55473186,4436,0.010258923284709454,0.010817000642418861,0.010135951106303465,0.0005580773577094078
gsk1059615,4436,0.008168953470885754,0.008476230315864086,0.007467862251175514,0.0003072768449783325
abt-199,4614,0.012211931869387627,0.012324657291173935,0.012133460920742684,0.00011272542178630829
vaf-347,4131,0.015129778534173965,0.015533599071204662,0.015396815979799524,0.00040382053703069687
brd-m00053801,3901,0.008165810257196426,0.007690350990742445,0.009546201396103815,-0.0004754592664539814
fqi-1,3284,0.00876739714294672,0.00920785404741764,0.00893196874540841,0.00044045690447092056
temsirolimus,3284,0.015723546966910362,0.016053562983870506,0.014022940874899728,0.00033001601696014404
teniposide,3284,0.00424501858651638,0.004956628195941448,0.0038823372076009577,0.0007116096094250679
cil41,3284,0.007850752212107182,0.007692750543355942,0.007887317225869906,-0.00015800166875123978
tipifarnib-p2,2946,0.009077087976038456,0.008488234132528305,0.006026751438161044,-0.0005888538435101509
brd-k20514654,3284,0.0029215256217867136,0.002702047349885106,0.0025445559710789746,-0.0002194782719016075
darinaparsin,3284,0.0023052270989865065,0.0027601681649684906,0.0013773176403649506,0.00045494106598198414
tigecycline,3178,0.009242870844900608,0.01006960030645132,0.008386508922661977,0.0008267294615507126
brd-a94377914,3284,0.004105808213353157,0.004334890749305487,0.0034881925438323184,0.00022908253595232964
brd-k79669418,2946,0.002817769069224596,0.00320811802521348,0.0019027931259486901,0.00039034895598888397
cyclophosphamide,3284,0.004864688031375408,0.0064029875211417675,0.0030895499586520423,0.0015382994897663593
brd-k99584050,2946,0.0054014092311263084,0.006638920400291681,0.0027213860477197367,0.0012375111691653728
cil70,3284,0.011678376235067844,0.011452697217464447,0.010878824387745721,-0.00022567901760339737
brd-k27188169,3284,0.002150120446458459,0.003321366850286722,0.001380811174373596,0.0011712464038282633
cil55a,3284,0.0043243770487606525,0.003990702796727419,0.004049618317292607,-0.00033367425203323364
brd-k03911514,3284,0.0025799039285629988,0.0034870165400207043,0.00230718216447535,0.0009071126114577055
tubastatin a,3284,0.0020872144959867,0.002011513337492943,0.0016352796458535802,-7.570115849375725e-05
ifosfamide,3284,0.002990420674905181,0.0037697097286581993,0.0019365319317022989,0.0007792890537530184
elcpk,3284,0.005068198777735233,0.005384496878832579,0.005166194778980863,0.00031629810109734535
cil56,3284,0.012482167221605778,0.011961255222558975,0.011225909518669227,-0.0005209119990468025
cyanoquinoline 11,2946,0.0024345936253666878,0.0030256661120802164,0.002591202564183357,0.0005910724867135286
prima-1-met,2660,0.007412667386233807,0.008028318174183369,0.006926307997708281,0.0006156507879495621
brd-k27188169:navitoclax (2:1 mol/mol),2946,0.0009383626165799797,0.001410800963640213,0.0012036660043797996,0.00047243834706023335
brd-k42260513,3837,0.005827991291880608,0.0058475397527217865,0.006673826808454612,1.9548460841178894e-05
skepinone-l,3837,0.005440992768853903,0.005954524036496878,0.005135870802932883,0.0005135312676429749
belinostat,3837,0.0071886214427649975,0.007368210703134537,0.006920474989409035,0.00017958926036953926
brd-k51831558,3837,0.0033837517257779837,0.004874502774327993,0.002871283496325193,0.0014907510485500097
dinaciclib,3837,0.03023330122232437,0.03246770426630974,0.030642696494560855,0.002234403043985367
dabrafenib,3837,0.009207322262227535,0.00971355102956295,0.00840057384970006,0.0005062287673354149
brd-k90370028,3837,0.002722690347582102,0.004960645921528339,0.0017846860848117724,0.0022379555739462376
mi-2,3837,0.007204024121165276,0.007028949912637472,0.007384385011098762,-0.00017507420852780342
bcl-lzh-4,3837,0.0014852466993033886,0.002378529403358698,0.000908364196187624,0.0008932827040553093
brd-k99006945,3837,0.037333350628614426,0.0376446507871151,0.03833002193605436,0.0003113001585006714
pf-3758309,3837,0.02037809230387211,0.020334115251898766,0.020470978447705332,-4.3977051973342896e-05
mln2480,3837,0.0031880594324320555,0.0036150317173451185,0.0024536079918361093,0.00042697228491306305
cbb-1007,3837,0.003318522125482559,0.0032214976381510496,0.0016375481622282364,-9.702448733150959e-05
trametinib,3837,0.05467641353607178,0.05536035820841789,0.05554567389392503,0.0006839446723461151
istradefylline,3837,0.002059793099761009,0.0025298551190644503,0.0012452211297299565,0.00047006201930344105
pf-4800567 hydrochloride,3532,0.0019104245584458113,0.002847204450517893,0.0014137874905681546,0.0009367798920720816
at13387,3837,0.042307909578084946,0.044331688433885574,0.04254248469293032,0.0020237788558006287
avicin d,3837,0.0114684933796525,0.012556921690702438,0.0099906252900889,0.0010884283110499382
cediranib,3532,0.01117666158825159,0.011628920212388039,0.010590351403558445,0.0004522586241364479
thalidomide,3837,0.0024427128955721855,0.0034943250939249992,0.0017405183211980722,0.0010516121983528137
tivantinib,3532,0.008163779973983765,0.009039705619215965,0.007839317801453364,0.0008759256452322006
sz4ta2,3532,0.002079382771626115,0.0026128997560590506,0.0015605881568303659,0.0005335169844329357
brd-k48477130,3837,0.0030667935498058796,0.004430427215993404,0.0020613736777069323,0.0013636336661875248
alvocidib,3837,0.016640307381749153,0.01770557276904583,0.016813010681553612,0.0010652653872966766
cil55,3284,0.002109021181240678,0.0013846618821844459,0.0006795333893737255,-0.000724359299056232
azd1480,3837,0.009378920309245586,0.010159622877836227,0.009048837771972832,0.000780702568590641
brd-a05715709,3837,0.003344204742461443,0.0035973764024674892,0.0021985475531107767,0.0002531716600060463
o-6-benzylguanine,3837,0.004489886108785868,0.005495889112353325,0.00375672452315167,0.0010060030035674572
brd-a86708339,3837,0.013524510897696018,0.021821092814207077,0.013337518056048206,0.008296581916511059
ro4929097,3837,0.004297539591789246,0.004687983077019453,0.004675336671562448,0.00039044348523020744
docetaxel,3272,0.051606688648462296,0.05283438786864281,0.047261780936238,0.0012276992201805115
mg-132,3616,0.0040917485021054745,0.006211664527654648,0.0037526461582677684,0.0021199160255491734
brd-k30019337,2005,0.0017555570229887962,0.0027336194179952145,0.0007836960997346672,0.0009780623950064182
brd-k27224038,2005,0.0034029667731374502,0.0039170305244624615,0.0011381018902247252,0.0005140637513250113
brd-k34485477,2005,0.0060082669369876385,0.007330320775508881,0.0022449562369957154,0.0013220538385212421
qs-11,2005,0.008682587184011936,0.00856014247983694,0.012296104253178298,-0.00012244470417499542
ml312,2005,0.006178756710141897,0.005958583205938339,0.008279367882951737,-0.00022017350420355797
brd-k58730230,2005,0.0021884699817746878,0.0028981855139136314,0.001124091259638866,0.0007097155321389437
brd-k27986637,2005,0.0032950013410300016,0.004170580301433802,0.0009620211004304584,0.0008755789604038
brd-k41334119,2005,0.002746785059571266,0.003626509802415967,0.0007919543498342962,0.0008797247428447008
brd-k86535717,2005,0.00396229000762105,0.004834174644201994,0.0016652016611100598,0.0008718846365809441
brd-k84807411,2005,0.0023892156314104795,0.0029585317242890596,0.0011316209246957224,0.0005693160928785801
brd-k96431673,2005,0.004136198200285435,0.0045346287079155445,0.001969404084541431,0.0003984305076301098
cimetidine,2005,0.007392714731395245,0.010016331449151039,0.0036786952387289113,0.0026236167177557945
brd-k78574327,2005,0.0022967709228396416,0.002388962544500828,0.0008010800035106437,9.219162166118622e-05
staurosporine,2005,0.00550909573212266,0.007484850473701954,0.002298859723681817,0.001975754741579294
968,2005,0.005858077201992273,0.007246149238198996,0.003474447072172134,0.0013880720362067223
brd-k44224150,2005,0.004625838249921799,0.005861022975295782,0.0022624289097773653,0.0012351847253739834
brd-k48334597,2005,0.0025772573426365852,0.0021356092765927315,0.001706996684557001,-0.00044164806604385376
fsc231,2005,0.004553367383778095,0.0053219180554151535,0.002673376026668417,0.0007685506716370583
blebbistatin,2005,0.0035459217615425587,0.003475554520264268,0.0019151024424312619,-7.036724127829075e-05
fgin-1-27,2005,0.0037039206363260746,0.00393040431663394,0.0008890893187882759,0.00022648368030786514
qw-bi-011,2005,0.007441657595336437,0.00825344119220972,0.002611607039601491,0.0008117835968732834
sitagliptin,2005,0.002836276078596711,0.0032124018762260675,0.0013693086090225523,0.0003761257976293564
brd-k13185470,2005,0.0037963406648486853,0.004219559486955404,0.0036084635274490416,0.000423218822106719
brd-k96970199,2005,0.004230301361531019,0.004684786312282085,0.0018077496668758518,0.0004544849507510662
brd-k75293299,2005,0.001877470756880939,0.0025894183199852705,0.0009688538832719987,0.0007119475631043315
brd-k16130065,2005,0.0020476498175412416,0.0024564131163060665,0.0005757844243673776,0.00040876329876482487
bec,2005,0.006172910798341036,0.0060519990511238575,0.00223615224142034,-0.00012091174721717834
brd-k49290616,2005,0.0013790075900033116,0.001442726468667388,0.0003113905492597499,6.371887866407633e-05
ly-2157299,2005,0.005541962571442127,0.006168155465275049,0.002945102008073588,0.000626192893832922
brd-k29086754,2005,0.004548000171780586,0.006643612869083881,0.0012319826287102704,0.002095612697303295
brd-k34099515,2005,0.0022548255510628223,0.003101605223491788,0.0018895834324935364,0.0008467796724289656
isoliquiritigenin,2005,0.0038093170151114464,0.00495834881439805,0.0018060798743207264,0.001149031799286604
myriocin,2005,0.00937478244304657,0.00966354925185442,0.002835061841742096,0.0002887668088078499
fulvestrant,2005,0.009642819873988628,0.011254795826971531,0.004085801934364117,0.0016119759529829025
neopeltolide,2005,0.04597821831703186,0.04783610627055168,0.04736109486509879,0.0018578879535198212
jw-55,1279,0.009714720770716667,0.012583563104271889,0.004713288209082375,0.0028688423335552216
brd-k09344309,1279,0.008992995135486126,0.007516657467931509,0.01569421777531071,-0.001476337667554617
abiraterone,1279,0.001664560055360198,0.0031470023095607758,0.0028022677540286375,0.0014824422542005777
brd-k01737880,221,0.006375276017934084,0.006356514524668455,0.0001091826847101629,-1.8761493265628815e-05
brd9876:mk-1775 (4:1 mol/mol),221,0.015015682205557823,0.014477333053946495,0.0020555103606092473,-0.0005383491516113281
brd-k30748066,221,0.07032522559165955,0.08535613119602203,0.04424879291674699,0.015030905604362488
bafilomycin a1,221,0.028208574280142784,0.03185334429144859,0.0071334144423076395,0.003644770011305809
gsk-j4,221,4.086077751708217e-05,0.0012471106601879,0.011351106990677096,0.001206249882670818
brd-k33514849,221,0.022792838513851166,0.028408031910657883,0.0037954522213254904,0.005615193396806717
sr8278,221,0.002665076870471239,0.006862148642539978,0.00034007566853588855,0.004197071772068739
vx-680,221,0.025946427136659622,0.04329720139503479,0.012644534141404762,0.017350774258375168
