drug,n_lines,spearman,pearson,true_std
snx-2112,27,-0.08309151651814281,-0.14575542216983894,0.16413929932533317
decitabine,26,-0.07087835840655705,-0.02039524670397394,0.0667385031568982
brd-k63431240,27,-0.17189206625958722,-0.19581691370482784,0.09052339217026818
pha-793887,27,-0.11136636325340067,-0.13719622033356735,0.12209700914126125
pd318088,27,0.23052294032186096,0.2694200386145758,0.16171149026605391
pazopanib,26,-0.32846157469694787,-0.26866046226449436,0.11752177254897121
ceranib-2,27,-0.12785512175309727,-0.17507957741936564,0.10009218418415661
vincristine,27,-0.11347323235285918,-0.08340196438951902,0.21933537021809096
osi-027,26,-0.3621110767244394,-0.24282662135927235,0.09081253700412091
nsc632839,26,-0.20068522571861047,-0.33506542061196204,0.08909631828539566
curcumin,27,-0.05609243424564651,-0.12697454981276587,0.06614061047055082
sb-225002,27,-0.033945011270162175,-0.05315877499120805,0.1016085165669609
ml311,27,-0.06958984999749122,-0.01860025140904769,0.07512009145651558
c6-ceramide,27,-0.13342487699899822,-0.15080887445334293,0.06301183676064705
b02,27,-0.06474271560337799,-0.023980578104448105,0.10681835920341884
cytochalasin b,27,-0.42968775840023626,-0.3644930367734692,0.06041728861474511
sirolimus,27,-0.252178138612001,-0.18759979485568434,0.11743544408454355
pyrazolanthrone,27,-0.18245734905444821,-0.2161910757734813,0.06267791909343813
bi-2536,27,-0.28962462849459664,-0.23205973411307823,0.17225432509838387
brd-k41597374,26,0.05926103985928848,0.10415080789716788,0.05052189377519605
triptolide,27,0.15264415732960182,-0.029811726167697297,0.09075998078560599
neratinib,27,0.12671756315914298,0.20152888967341917,0.11019528324154869
triazolothiadiazine,27,0.11741676017298684,0.028600530817390335,0.16051250564469388
mgcd-265,27,0.05872469167587321,0.17830148177300115,0.061595110784282765
apicidin,27,-0.07129764325030095,-0.0538115319634812,0.09471699863965745
veliparib,27,-0.15250343687044648,-0.05858894779838151,0.055115193060298925
gdc-0941,27,0.024434946526164906,0.03501487061951901,0.13273598350701532
dasatinib,27,-0.19126191963436637,-0.1791715476361065,0.16201940565998124
lenvatinib,27,-0.351738457970436,-0.30394880460187007,0.10445000799585526
l-685458,27,-0.2167867306432991,-0.10495103518759596,0.05863304392971128
yk 4-279,27,-0.07925360344132165,-0.10910276594247034,0.07473077143201153
ic-87114,26,-0.2741746107350518,-0.24194407537484097,0.05782127971454042
linifanib,27,-0.018980640504588815,-0.07876940526262999,0.07660745553595613
sirolimus:bortezomib (250:1 mol/mol),26,-0.19503856580079537,-0.15472882604894594,0.10519470092866107
leptomycin b,27,0.1872041729475033,0.10182493725854228,0.16221633877996858
brd-k07442505,27,0.14078088950435091,0.06201226443097263,0.05843769892186332
linsitinib,27,-0.06511777708505417,0.03868167654771552,0.07853821252314912
clofarabine,27,0.06465222419908373,0.08801213119567863,0.14441350756440385
ml162,27,-0.47607935361927817,-0.36544447388475954,0.1529401499323335
sch-79797,27,-0.15259700855401231,-0.19364681069074435,0.09445775224511921
ml239,27,-0.3142272962441785,-0.23667918721977863,0.0676377648609458
quizartinib,27,-0.2626608303569266,-0.1857409580627729,0.07643879531138428
cct036477,27,-0.3955927912559283,-0.3607520179350032,0.0720169190954782
carboplatin:etoposide (40:17 mol/mol),27,-0.04220837214203387,-0.04978641313404231,0.06815174051175053
necrostatin-7,26,-0.2912538579048738,-0.3069254728129296,0.06181511963991089
pf-573228,27,-0.26008576892015983,-0.20361923412188707,0.0828560172883107
parbendazole,27,-0.07682918654108949,-0.10424256977414054,0.17591935805132308
gsk4112,27,-0.08633130035958139,-0.05419156752541977,0.057806672853615404
nsc48300,27,-0.18987949186105607,-0.2378767701874388,0.06941748956159066
plx-4720,27,-0.352423977912499,-0.28511991180399354,0.08126456900812755
nvp-231,27,-0.02906539700294798,-0.07794122766827183,0.07548287119139017
lbh-589,27,-0.007338337849702649,-0.03965669538629585,0.12392733264903337
doxorubicin,26,-0.02741140942691532,-0.013387457075829862,0.1188840096013199
zebularine,27,0.214256570760785,0.09761247932267474,0.06695633009085111
gmx-1778,27,-0.09221137459016501,-0.07354017495056406,0.1076833638801165
gdc-0879,27,0.03899869184233327,0.11554250831758538,0.1074809668051074
tgx-221,26,-0.08543544894000131,-0.03803221413237695,0.0904690971421684
sr-ii-138a,26,-0.06431749709472179,-0.04545206150653732,0.13785036817903557
unc0638,27,-0.054773725930488716,-0.04069418028882317,0.08292969450440765
azd8055,26,-0.08780701733741096,0.0007489549906914347,0.13103787404884826
fqi-2,27,-0.0823009662504527,-0.08551686499515362,0.12759860966802689
etomoxir,26,0.2669931945039137,0.18860022097510182,0.05696634240848859
ko-143,27,0.004901240397844854,0.05321882617942482,0.07534503549154425
ac55649,27,-0.17658741096882272,-0.2684399578535258,0.05618601499711923
alisertib,26,-0.15750746312568237,-0.1661141183788269,0.08477847040721904
tpca-1,26,-0.028203434346343682,-0.007566700985844388,0.09783745341420991
navitoclax,27,-0.19094304458449696,-0.09197742300244946,0.11406989168191736
topotecan,26,-0.0394853422012197,0.016276376147243476,0.10702646323501555
fumonisin b1,27,0.042527265088523884,0.11090799021778588,0.06549651261485873
tipifarnib-p1,27,0.16567339530630854,0.08779209490745732,0.08861751825217334
myricetin,26,-0.10196641414063637,-0.037324136137108645,0.07065391845468517
azd6482,27,0.16011088683709598,0.23483494095641688,0.062075851979845005
pik-93,27,-0.22837079569265475,-0.12564222233631148,0.08670699857087424
cerulenin,27,0.3267918041239799,0.32224138704984734,0.059815972643057505
brd9876,27,-0.18379235831862584,-0.1985680896778772,0.10191185069119044
isox,27,-0.28099280177179337,-0.17970586824433343,0.075304091227439
ver-155008,26,0.06276829754978987,0.12505035421755828,0.0523113184698506
brd1835,26,-0.2796322274088642,-0.3400779693974584,0.07782413425262387
brd-k66453893,27,-0.09612775997485305,-0.18712015148545227,0.09508408259640441
gefitinib,26,0.39952108668404834,0.3242812756278167,0.12012406653681715
brd-k70511574,27,-0.12595551248376674,-0.14195721485327084,0.11459834249050482
nilotinib,26,-0.3287538982421227,-0.31187593749093157,0.09742590795489427
vu0155056,26,-0.2771885950378539,-0.15527398280703425,0.062163912837233694
imatinib,27,-0.03855580707956189,0.02781567982361821,0.08593630554911935
nsc23766,27,-0.09024187101000744,-0.07384954239078467,0.08906776602467534
brd8899,26,-0.13061962196755247,-0.10076072086813567,0.0572486259247055
ouabain,26,-0.06859938310808392,-0.09750559362309755,0.16528914453588583
mln2238,26,0.09100365410171415,0.17005160260288046,0.08469852041061796
rita,27,0.019343282774452266,-0.19552134109632122,0.1937998534595147
bms-195614,26,0.3136235960783908,0.5290141401135999,0.057362878010206744
bortezomib,27,-0.22232679239745792,-0.23672947869455907,0.07856959531982215
kx2-391,27,-0.12348795961142599,-0.1313621991723535,0.19266286342686473
ku-60019,27,-0.05302727390435435,-0.12154831762777549,0.08916126102173841
birinapant,26,-0.09674156410974603,-0.25774429278759853,0.10298801868208075
bibr-1532,26,-0.2809912496009596,-0.2220427941842611,0.07490511782100248
brd-a71883111,27,0.09646352117828866,0.1006233724816866,0.05242894089516482
sr1001,27,0.04654747688603135,0.3627651691819255,0.059784991880035686
sgx-523,27,-0.40999228277937466,-0.04186529569465269,0.06235901356079544
erastin,27,-0.57937389897325,-0.571742160879712,0.1392394277593405
manumycin a,26,-0.059962458121377266,0.005493504758914469,0.08102707925293408
merck60,27,0.2076456094814425,0.1081726986274947,0.07745994246313609
erismodegib,27,-0.06258011012608936,-0.0866258266778404,0.057134855935903284
ruxolitinib,27,-0.4004350275885387,-0.43481850123395005,0.06464282786056649
ciclopirox,27,0.15955998588541154,0.08649305623651735,0.08673109771759588
fluorouracil,27,0.03257603648055287,0.0106393119904072,0.10223249393679623
selumetinib,26,0.03842879631036204,0.08290801172508214,0.15682784074630096
jw-480,27,-0.35298911921945286,-0.48732500172223125,0.05005104923727843
jq-1,27,-0.08637108742691804,-0.16076557540936473,0.09971243337464686
sb-743921,26,0.060948540079068386,0.014627365482146132,0.24091038861499325
erlotinib,26,-0.06812741752367235,-0.07226047516835954,0.12458184861138995
cd-437,26,-0.1043627413495484,-0.07006825890487904,0.08478289686127709
cay10618,27,-0.16764178404525293,-0.10103742504574484,0.14711502284847403
ml203,27,0.13798414787715302,0.18659489824908865,0.05889362459473542
brd-k88742110,26,0.22709408340578474,0.22165865275396016,0.07618764332594852
mk-0752,27,-0.49209206768256764,-0.46623493880191486,0.06675783991003123
isoevodiamine,26,-0.1560364084970855,-0.15320390137062134,0.07291830694004187
docetaxel:tanespimycin (2:1 mol/mol),27,0.03206596763374853,0.007785529613256431,0.20022944068252052
lovastatin,26,-0.4332508295733035,-0.30571391137428694,0.0932813962714287
crizotinib:plx-4032 (2:1 mol/mol),27,-0.155384925846289,-0.20071610040304588,0.1042336259063082
navitoclax:plx-4032 (1:1 mol/mol),27,-0.22719028723831178,-0.16821192219077702,0.12435737113666542
ml050,26,-0.268988457946873,-0.15708558457464505,0.05485813164669307
le-135,26,-0.24200229304121662,-0.14610544689875282,0.08555539892784478
gsk525762a,27,-0.18973342512598462,-0.3111007850117981,0.09602362911197146
selumetinib:plx-4032 (8:1 mol/mol),27,0.06897672356579529,0.0995051438031131,0.14202472040485783
regorafenib,26,-0.2817831969117616,-0.37089697173549874,0.08775027691505533
pl-di,27,0.03189730875127082,-0.1320013419445684,0.06362880333355204
tg-100-115,27,0.10003081972973707,0.046296735611166,0.07133874387160564
su11274,27,-0.1407377118037481,-0.051165892648420586,0.0910840354626196
brd-k35604418,27,0.1638782206995526,0.21189287739028723,0.07241414611838154
brd-k34222889,27,-0.2782453101345588,-0.25899050848018373,0.07407179067674316
rg-108,27,0.2626147778948322,0.3450735816807394,0.05379554912638321
pifithrin-mu,26,-0.056445945156461536,-0.10102295324945848,0.05714103490664349
saracatinib,26,-0.004107481982353196,-0.0014935746542156375,0.09650781298947249
sb-431542,27,-0.13100336587464084,-0.1743858931521618,0.061707226532230576
brd-k24690302,26,0.36516527450739733,0.40898389288373366,0.06222320136583538
brd-k03536150,26,0.016475158374053358,0.06783845259592348,0.0756138624577926
selumetinib:unc0638 (4:1 mol/mol),27,0.0954422500173638,0.13776454758948137,0.14183764083729708
piperlongumine,25,-0.07696891492481849,-0.022763345147939075,0.06886952731501945
plx-4032,27,0.07316730775156012,0.10154231170394294,0.09926093037288687
azd7762,26,-0.2735777676813156,-0.2942742999690982,0.10247697384670428
axitinib,27,-0.1819680774089134,-0.09520188987116418,0.099699545318856
brd-k80183349,27,0.32144633112610094,0.2715164134555619,0.0677960096751758
obatoclax,25,0.22995437414777262,0.2070157478971263,0.09457023256700976
3-cl-ahpc,27,-0.2611225218185859,-0.27241653538179167,0.11910192335096922
agk-2,27,-0.21850859853774815,-0.09775950111952089,0.06233481768930094
way-362450,25,-0.029710019289969136,0.12746338298436943,0.051510529542641036
pi-103,26,-0.04276429328106502,-0.057811826424243984,0.12283524052502488
azd7545,27,-0.07036373487148437,-0.08123159110912176,0.09604150754679547
tanespimycin:gemcitabine (1:1 mol/mol),27,0.06700338888048007,-0.0283322037892159,0.16309001222825803
snx-2112:bortezomib (250:1 mol/mol),27,-0.013145842322334879,-0.1533320450937124,0.11257918018193715
tg-101348,27,-0.25736888331888735,-0.1671497688850624,0.09651096495284807
semagacestat,26,0.11804915115293844,0.17787138264776448,0.05604545642457946
hli 373,26,0.14902395305121208,0.11099685678319654,0.058482123143610204
cytarabine hydrochloride,25,-0.02122745341874662,0.02840054287322441,0.13192193311090017
i-bet151,25,-0.025253813613805267,-0.02731305612005678,0.0875633830129391
ski-ii,27,-0.19636068779120106,-0.3144538850217188,0.057007526174062066
bosutinib,27,0.01655951281305204,0.0352015554691979,0.07287809749371689
bms-754807,27,-0.13131362958616488,-0.061268931303283966,0.11082808898327758
iu1,27,0.065107810332553,-0.03490440320735287,0.05802934497298356
"1s,3r-rsl-3",26,-0.4738283695542004,-0.4073266697934597,0.1924517099473146
tanespimycin,27,0.033805320876045424,0.048961462945145445,0.1510543409922418
spautin-1,26,-0.1642568903758375,-0.1872005677067208,0.09489103987173865
bix-01294,26,0.09883526963965356,0.1305440725898786,0.08086987655564054
stemregenin 1,27,0.033518747998286545,-0.006773705896970711,0.06406033793589637
ku-55933,27,0.20397612267975643,0.23619429058609073,0.07916748331068484
ku-0063794,26,-0.07057226282425214,-0.081145173840277,0.08837659804392538
gant-61,26,0.14278470590846243,0.2114500482693557,0.08196240587723416
ku 0060648,27,-0.3831810731667856,-0.3713768714400992,0.10748633975821434
entinostat,27,0.19201984040055267,0.15454471889261026,0.11970734949229696
tretinoin,27,0.05168996298553423,0.025479119494623476,0.06825565085878538
ipr-456,26,0.2326491389097892,0.23809928656425905,0.05376053905776309
cr-1-31b,24,0.20839682488569153,0.10103770417245667,0.15289939590819465
tamatinib,27,-0.14690179774367054,-0.06081361548333146,0.10142196372236538
crizotinib,27,-0.23205363713674718,0.026423519376586005,0.09024698629309615
nvp-bsk805,25,-0.05801898352114585,-0.04335478188808792,0.08192769769812173
navitoclax:birinapant (1:1 mol/mol),27,-0.13290564703027055,-0.09416414505915624,0.10212160575042772
chir-99021,26,-0.12041213974846908,-0.07585817200563041,0.0916843864680496
mst-312,26,0.09792253458438722,0.09860603336312515,0.06665164244700454
prochlorperazine,27,0.2240632209484568,0.16518646812392856,0.10252584092012644
n9-isopropylolomoucine,27,-0.20138467516479608,-0.1949758527248437,0.07207750328860427
pluripotin,27,-0.22354777692332026,-0.20679527890142232,0.10339969171587418
canertinib,25,0.040423502842238467,-0.04525609090099722,0.12816376699077076
cal-101,27,-0.24459979523511427,-0.2049922957445482,0.06057637478157155
navitoclax:sorafenib (1:1 mol/mol),27,0.12178060785235402,0.08559207567817914,0.09965527457100865
necrostatin-1,27,0.28457829426874615,0.22340144757453329,0.0676861473902433
brd-k50799972,26,-0.10314761134687829,-0.19053494433459087,0.06909252294668246
phloretin,26,-0.06399579146614427,-0.10798841669194201,0.050310635800106834
brd-k64610608,26,-0.06927678542926184,-0.051396274295049185,0.06697164568932078
niclosamide,27,0.022237479499833034,-0.004265696662595575,0.10667861010689471
oxaliplatin,26,-0.052985762826807614,-0.011605075067722515,0.08567814117510153
olaparib,26,-0.20010328881648182,-0.21191626164842917,0.07252505710612484
nvp-tae684,26,-0.24379416031627354,-0.16926095658278212,0.0947185536667858
nutlin-3,27,-0.11296650882571713,0.002590311087493455,0.07444224834370036
ch-55,25,0.10199057578974581,0.05856544527652845,0.08147570125681579
zstk474,27,-0.17293010625088076,-0.16654832150581525,0.10590904385442217
chlorambucil,27,-0.11335860924203632,-0.2486881979190248,0.09661936185560695
brd-k13999467,26,0.08361706842899483,0.18873903852983656,0.057421963275663096
selumetinib:mk-2206 (8:1 mol/mol),27,0.08841999719844175,0.16605728121683988,0.12727234271562307
sb-525334,26,0.40446724446118953,0.42138445174592,0.0823275404300794
cid-5951923,26,-0.10511911125996627,-0.059691726194414756,0.06353725246189619
chm-1,26,-0.20670784337393963,-0.19356273656685213,0.11154650904775817
selumetinib:piperlongumine (8:1 mol/mol),26,0.04770931279152952,0.0688865293225702,0.13667639475626597
xl765,27,-0.029159438283574358,-0.009654545727757952,0.06163340914970347
npc-26,26,0.10889854556340287,-0.001087855129958841,0.09427808275996487
vorapaxar,26,0.19862895609767006,0.4139840131356049,0.07468603398700752
pf-543,26,0.28512770760835104,0.3539490565609593,0.06349536280396574
mitomycin,26,-0.024721828370125442,-0.06711485543215948,0.14739348115594741
tretinoin:navitoclax (4:1 mol/mol),27,-0.031804334883755545,-0.038849247941116646,0.12109331993649891
selumetinib:brd-a02303741 (4:1 mol/mol),26,0.058239246020013895,0.10277003542067244,0.14934422493588057
selumetinib:tretinoin (2:1 mol/mol),27,0.0578781127069732,0.09768046045853454,0.1519258695071584
neuronal differentiation inducer iii,25,0.054345853465830256,0.05665492060642627,0.0965492823568411
serdemetan:sch-529074 (1:1 mol/mol),27,0.3971847205340965,0.39375973135653475,0.08039100341787604
tivozanib,27,-0.14279252897996159,-0.28606131867820705,0.0659636124354374
silmitasertib,27,-0.280772902153008,-0.374973038080656,0.09193194724071603
itraconazole,26,-0.12922064976946332,-0.19226533023923617,0.057211532896782005
sildenafil,27,-0.13627386325186808,-0.23577625555967835,0.06560702528199232
stf-31,25,-0.15550824225183119,-0.12296703597394237,0.1182386695115102
sj-172550,27,-0.2039054176351297,-0.37368143438742896,0.053468258277212515
navitoclax:mst-312 (1:1 mol/mol),26,0.051926609450377116,0.07874795662677458,0.1056908442208648
jq-1:navitoclax (2:1 mol/mol),26,-0.1748803111988132,-0.1115543987033065,0.10567914653927026
jq-1:vorinostat (2:1 mol/mol),25,0.1305604883439693,0.07017176652910698,0.1086967499397273
ml258,26,-0.05553671897451583,-0.0649697555320298,0.06104257926817927
tamoxifen,26,-0.23575714357324212,-0.24245306616300302,0.08840205841304181
nvp-adw742,27,0.03457782698405154,0.05331328704526207,0.11340233143413374
nakiterpiosin,26,-0.241073830865673,-0.2919987161481796,0.11086266703780238
rigosertib,27,-0.3070812002217537,-0.339169171440125,0.1816957551068538
px-12,26,0.2552770040616907,0.38349469364218364,0.08235052876060626
sorafenib,26,-0.18611886690933313,-0.1994926894894322,0.08745796735270801
masitinib,26,-0.12737560061468226,-0.1053397554103718,0.06729830572654809
16-beta-bromoandrosterone,27,-0.33078434486513014,-0.3770633251063876,0.05885699734651938
brd-k45681478,27,-0.07849630881343934,-0.05048477343292172,0.09150818739399905
brd-k19103580,24,0.02702121513186092,0.020965169674462925,0.05049793291113479
bendamustine,25,0.17865264982877227,0.18471715052928292,0.07199390030371526
etoposide,26,0.036967337841178775,-0.051555678556420056,0.09715488694171556
brd-k29313308,25,0.3335262032621752,0.28395691504835574,0.054597787461518756
cay10594,26,-0.17225651094928673,-0.09126790878221397,0.07097427314944803
fluvastatin,27,-0.25577983872499843,-0.3518744976867587,0.0890292477350751
elocalcitol,26,0.1462832826502702,0.14750976705378505,0.09501325986783617
betulinic acid,26,0.0037846973447719728,0.07847124222822024,0.075520956508425
compound 23 citrate,25,0.06408072428203723,0.11333458897284703,0.0576123018865021
dbeq,24,0.009160354365088545,-0.008729186111095869,0.06667559755187108
brivanib,27,-0.08615660320926245,-0.11888621270350351,0.1178654099846588
doxorubicin:navitoclax (2:1 mol/mol),27,0.12872667644686733,0.04001254337365223,0.11674292422607574
selumetinib:gdc-0941 (4:1 mol/mol),27,0.10479686650892599,0.11173762490891478,0.12304520880072042
dexamethasone,27,0.1173785023709669,0.10538656376915605,0.08358884947091329
tw-37,25,-0.19634272809087253,-0.16452955052951407,0.11491558575179281
tacrolimus,27,-0.29883856153260074,-0.26734895613575416,0.06453728996140458
decitabine:carboplatin (1:1 mol/mol),25,0.20896674638079885,0.16738597772216063,0.08420676151505266
sunitinib,26,0.1106161882379045,0.10138282939290634,0.06484164257130061
nelarabine,26,0.03394821280246064,0.0536311808160554,0.09495580928813077
brd-k28456706,27,0.03154204025829756,0.19927382528054838,0.0883707732328582
ex-527,27,0.04524847666220728,0.13508368082015706,0.06907185341687105
brd1812,25,-0.2554918037355832,-0.1409901476343654,0.08658118225639663
nintedanib,27,-0.15281046688243186,-0.07320008237436264,0.10120465732109672
brd-k02251932,26,0.11101620817900705,0.14977814098523207,0.05786049004467516
bexarotene,25,-0.4174536867776044,-0.44692534116031746,0.0772630175171428
wp1130,27,-0.2230806092181203,-0.14824754635689183,0.06059960438255294
pifithrin-alpha,26,-0.18683649284636494,-0.12387114348825724,0.05474503074827258
brd-k51490254,26,-0.018864788881084386,0.1871226527134115,0.06778656046381401
gw-405833,25,0.2318556475008743,0.18672217940108618,0.06666656968697578
vorinostat:carboplatin (1:1 mol/mol),26,-0.14897282113924157,-0.15696297971587556,0.0791418885670115
ci-976,26,-0.30817668009433896,-0.24953135217044564,0.08532693700520258
ml320,26,-0.05923650243639792,0.04449757554093557,0.11789795122314266
aa-cocf3,27,-0.43217702780212935,-0.3966179233485608,0.10168455740318598
methotrexate,25,-0.08663136849427792,-0.11035734009680563,0.1956897783298187
brd-k71781559,26,0.041179490590737236,0.15012650648308298,0.07649709653006583
navitoclax:pluripotin (1:1 mol/mol),25,-0.1033704153631418,-0.10418863880183657,0.13032835265351647
paclitaxel,26,-0.10517322663614276,-0.09402015973735964,0.21835796552089343
ml210,26,-0.5407542174226723,-0.4835731400200613,0.20005379150087219
tanespimycin:bortezomib (250:1 mol/mol),27,0.06345573167214782,-0.00668632788822017,0.12738983905265466
cabozantinib,26,0.06827973630144683,0.21818451266729055,0.12106793653387754
nsc 74859,25,-0.014097823229181567,-0.016624675878820536,0.06711708223496249
tandutinib,27,-0.06757928487860149,-0.04400864373496549,0.07483150669604965
compound 1541a,26,-0.016786606205768714,-0.006927931971404122,0.053755360902192885
ml006,26,-0.2535120120871193,-0.18961240046939415,0.07626241250658602
brd-k97651142,25,0.05026728642995792,-0.00751488044644371,0.1846776002436738
brd-k92856060,26,-0.12155467262960268,-0.07816313423932962,0.06586631932474234
serdemetan,26,0.16401320616783008,0.10057536930149885,0.08810340860124063
brd8958,27,0.17749435368868302,0.05497413993433678,0.08372283690146973
az-3146,27,-0.008901302212880593,0.05035845287307559,0.09757588043634809
ki8751,27,-0.1360590778611944,-0.06008562889983818,0.07607021506292386
hyperforin,27,-0.36619832521012957,-0.3245781798078975,0.08418282399518195
procarbazine,26,0.03398587024547665,-0.002684139752373936,0.09090666910630271
gossypol,26,-0.23652992214120597,-0.15214793893010325,0.08640810197212419
purmorphamine,25,0.06305715446420823,0.061299403858957935,0.08973354346190139
pf-184,27,-0.33877268546031164,-0.31567072348210556,0.08856507597580253
vandetanib,25,0.17257339438118238,0.1634886268598812,0.07886717892852109
jq-1:mk-0752 (1:1 mol/mol),27,-0.12696989217077276,-0.20558456312482953,0.12485563165008089
valdecoxib,27,0.016040363921982374,0.10113062296010389,0.08257393128664364
unc0638:navitoclax (1:1 mol/mol),25,0.004234843154901172,0.08157924616428744,0.11650701421774295
pevonedistat,26,0.14552319962698912,0.07531759408932526,0.14207010721360047
lapatinib,27,0.030252118142590583,0.03210599025334812,0.10540010006403955
brd-k61166597,26,0.22458083364587467,0.12180113858738174,0.10386055149816176
kw-2449,25,0.06985144338611701,0.0521608484381097,0.08982003121881957
azacitidine,27,-0.19764469962004624,-0.223380805386275,0.0641356034290367
ly-2183240,25,-0.06206647289338102,-0.0623798706584861,0.07995183739319661
gsk-3 inhibitor ix,25,-0.11512572570206156,0.017104961920689887,0.10581690681444078
trifluoperazine,26,0.2554881853413818,0.3359405924909538,0.07919749903071156
sch-529074,26,0.4658741614592186,0.32600736375797246,0.06478523982994931
selumetinib:navitoclax (8:1 mol/mol),26,-0.0006858743230641122,0.08808857812136514,0.14822276582025237
ciclosporin,26,-0.14849179094338028,-0.0026685989865086746,0.07567899211320366
navitoclax:gemcitabine (1:1 mol/mol),26,0.03668166006341477,0.013171088121354563,0.1863610917006498
isox:bortezomib (250:1 mol/mol),24,-0.2447048593674603,-0.15133573794213273,0.07727964167653809
tosedostat,27,-0.3708132754481363,-0.40394216997243665,0.1079001124311342
hc-067047,25,-0.23593486484492096,-0.2028343194496557,0.08581853086131827
cucurbitacin i,26,-0.3112489300986382,-0.22933638312008892,0.1308974651376059
mdivi-1,27,0.14424521437326296,0.013250387704111133,0.08623450281709005
tretinoin:carboplatin (2:1 mol/mol),25,0.09897948526371712,0.003362954842058556,0.05990100944023915
selumetinib:jq-1 (4:1 mol/mol),26,-0.09993160639932182,-0.0656407777975934,0.16739034099958244
decitabine:navitoclax (2:1 mol/mol),27,-0.08952035535602132,-0.014394811517177517,0.11544403740790662
gw-843682x,27,-0.16804162268195127,-0.21096528239674764,0.12484126292931724
mk-1775,26,-0.32046871208819766,-0.3214145871181456,0.11059399147956166
brd4132,25,-0.22273644428230333,-0.2263497958044742,0.10191110773804933
pyr-41,25,0.06443116835603155,0.12900091426246646,0.061048012273754726
brefeldin a,27,0.05292150401603826,0.011265969880013618,0.15421111868413523
compound 1b,25,0.32674549614169585,0.36057356511605826,0.18399567582001458
foretinib,26,0.10623745441677004,0.19230668685001562,0.11799386086866247
mk-2206,27,-0.14087097438115415,-0.13853292527583447,0.08295629907095001
am-580,26,-0.26058742593955114,-0.13932357287669667,0.10336154299214603
epigallocatechin-3-monogallate,26,0.08191972226764387,-0.0005044720406300746,0.11633418276170396
nsc95397,26,0.19890355368859253,0.26391432523028596,0.06910846095047989
brd-k11533227,26,0.47727192560458565,0.3876070549523424,0.10687703799154477
vorinostat:navitoclax (4:1 mol/mol),27,-0.13329272680320944,-0.1253062477702579,0.10359715746995798
brd-k71935468,26,-0.12860143557452103,-0.1448892744458874,0.11052076835119008
sns-032,26,-0.031148405032845074,-0.08230496723132648,0.1423705170007118
bms-536924,27,0.03305797667903452,0.017944387989494458,0.09458660358715412
repligen 136,26,-0.14489403833838876,0.1965824780040123,0.0750784009570532
srt-1720,24,0.2309373672463138,0.10429619918661266,0.07451864250497275
bms-345541,24,-0.046797229411357257,-0.008957687321171227,0.07197475753914448
parthenolide,26,0.21070843332540726,0.33268163687809205,0.10945398765340443
prima-1,26,0.11788930425602868,0.27674534558247027,0.10721860305813281
jq-1:carboplatin (1:1 mol/mol),26,-0.03769716124466034,-0.05380088651363668,0.10632302410346196
khs101,24,0.35800351584179774,0.30849831217606255,0.07542009994165111
carboplatin:unc0638 (2:1 mol/mol),26,0.1127875342136772,0.05455165457080271,0.10012239293186179
jq-1:unc0638 (2:1 mol/mol),25,-0.013119885351769913,-0.015588862529031577,0.10669670750002681
ml029,26,-0.21118181327628077,-0.31602390767664024,0.05440117039827718
narciclasine,25,0.09352766141808566,0.10360373205637433,0.13126981176841646
vorinostat,26,0.06380826568940698,-0.04411259772768615,0.11907768050667006
momelotinib,25,-0.3356584378684827,-0.3310615750996232,0.07178171062217167
at7867,26,-0.02774452602695108,0.007996428618819492,0.09738539372884977
gsk461364,25,-0.16010330553232924,-0.09349072076041332,0.18951827292285378
oligomycin a,25,0.004238110781278477,-0.07788329047140907,0.3018141817424143
brd-k94991378,26,-0.12067237703104672,-0.11204889701987265,0.11293318198138624
cd-1530,25,-0.16085754642037972,-0.13299105556790675,0.11066865482191447
erlotinib:plx-4032 (2:1 mol/mol),25,-0.14357202098731783,-0.05424760129539149,0.12886594401360968
pac-1,25,0.16445229652765453,0.07959168707746019,0.09259918205191711
cay10576,22,-0.013679715805488225,-0.031284207210541176,0.06043065566960815
brd-a02303741:navitoclax (2:1 mol/mol),26,-0.026419797463373897,0.008624751558348201,0.1276157268205783
afatinib,25,0.17761537001539798,0.12028542931731229,0.12234382530368121
azd4547,25,0.06720626543014911,-0.07070292846036831,0.14007713765315116
daporinad,26,-0.04128760739751242,-0.020050631634174892,0.14470741232746964
brd-k66532283,24,0.06420683377852587,-0.10751625228918067,0.08941565323001277
brd-k55116708,22,0.03798215846488405,0.03323021924869215,0.12153327620202743
barasertib,25,0.19199693610492324,0.20422757262475336,0.10305152137006784
selumetinib:decitabine (4:1 mol/mol),26,0.1092092773369421,0.13908296663857977,0.15240793883213175
indisulam,24,-0.11585383435200479,-0.13861829445006182,0.09984002910120993
wz8040,27,0.10233697806462443,0.05956195633404565,0.06996064931063321
navitoclax:piperlongumine (1:1 mol/mol),24,-0.2148963416260866,-0.1393110522581416,0.10946765094662693
pf-750,25,0.04830974246801946,0.056406805258577525,0.08792337614981438
simvastatin,22,-0.14103284944851704,-0.10085228000570978,0.0853111180090117
bleomycin a2,24,0.16151515734469918,0.038652168061911414,0.11547939737926115
salermide:plx-4032 (12:1 mol/mol),25,-0.3018157922447246,-0.18325444956402678,0.08804370648528384
selumetinib:vorinostat (8:1 mol/mol),22,0.06446147238093515,0.11807108016005378,0.1324038846963235
piperlongumine:mst-312 (1:1 mol/mol),26,0.3706846520335919,0.3692655793860602,0.06630319977137668
alisertib:navitoclax (2:1 mol/mol),24,-0.44381714890031176,-0.3472922729380763,0.15029289014218572
brd-a02303741,26,-0.030884770262687763,-0.01659511911657923,0.0718428500613622
brd-k16147474,26,0.10752623447490679,0.11548854927035254,0.05943936897851207
ml031,25,-0.21510120836857283,-0.21699671009845395,0.08411767513399768
brd-k52037352,25,-0.09456721439521204,0.02417985584141371,0.059726277657496
birb-796,24,-0.03917551030440616,-0.11296348060285305,0.08023346539286577
abt-737,24,-0.4629797966773725,-0.31785544411437877,0.09691530903640674
importazole,24,-0.25130700158310815,-0.19780852159435935,0.08260242373909345
austocystin d,22,0.06951118632005125,-0.010587140748289967,0.18266193406731013
yl54,25,0.17164970575243665,0.2826574267224703,0.05722686743016113
sn-38,21,0.27884316145532195,0.16127695826972002,0.1446042627845128
brd-k26531177,23,-0.22811276508919578,-0.2128681742657988,0.06878551696486862
bax channel blocker,23,-0.1749264421698563,-0.13298486021291028,0.06046683456535382
gemcitabine,21,-0.11607538247414892,-0.1565108580213521,0.16428943175950508
smer-3,23,-0.13663393125000525,-0.10503793671630962,0.1437353805730301
ym-155,23,-0.11396166303508774,-0.08897112937381,0.11425687193327137
sid 26681509,26,-0.056270737454458694,-0.057783006515620336,0.07156084029150817
bardoxolone methyl,18,-0.3819894197288915,-0.2390451299514549,0.06660931378210339
osi-930,23,-0.19315034519455762,-0.11740613887062895,0.08696502563237339
raf265,19,-0.4160862035976718,-0.610164456473334,0.09515057784225911
gsk2636771,22,0.24993662055489438,0.3283002571680842,0.0559879622276172
nvp-bez235,22,0.024300658632213038,-0.06187732790835441,0.1321845333365953
omacetaxine mepesuccinate,22,0.2565857820278293,0.19006909876331693,0.1194848850410634
col-3,22,0.24462159199887,0.14385807735418568,0.07917117298294697
sotrastaurin,21,0.27723707159331407,0.29654400057440466,0.07938669813328053
avrainvillamide,22,-0.27118311557179803,-0.286411361407704,0.07111998357027007
wz4002,21,0.24658472475397292,0.37628493531894874,0.07924455328376959
kpt185,22,0.03955921172685843,0.12463349463373466,0.17673704518393218
r428,20,0.17804704642692043,0.24953788177263886,0.09112343723612341
pd 153035,21,0.10152971346028573,0.22509153749594535,0.08616352754077539
lrrk2-in-1,21,0.5205239340752412,0.5345823136240773,0.08667380265446759
jw-74,22,0.03397522111095417,0.024146483333949392,0.06616856951411787
methylstat,22,0.23090042183979162,0.061125475886023795,0.09953671601728611
byl-719,22,0.14810636938749908,0.14550207175331226,0.11988565801600558
ml334 diastereomer,22,0.33125695555072626,0.3161992298485199,0.059134526148353087
hbx-41108,22,0.04171165468277867,0.07775834098518408,0.11686671743691929
ibrutinib,20,0.10458994683906715,0.01458499665529378,0.09844759819039374
etp-46464,21,0.056548613162268085,-0.041156992961139505,0.1183443817552077
a-804598,22,-0.4384048461137745,-0.5256937947938258,0.05141862485507886
tacedinaline,22,-0.0955613055471758,-0.01287726976267755,0.0660671039541205
necrosulfonamide,21,0.18613780801052385,0.23499088092969528,0.1151636394768529
palmostatin b,22,0.11995731108102596,-0.019288850691487724,0.07324279918923057
salermide,22,-0.17189725968249372,-0.05766204006427646,0.11895975779403935
at-406,20,-0.06946077252096006,0.08106371815996018,0.07871382937194037
pitstop2,21,0.04911769357430223,-0.02292310446740181,0.07636106726967717
marinopyrrole a,21,0.07103336601623571,-0.03641854424588256,0.07999236175676201
brd-k55473186,19,0.09074977925264942,0.0072366894376473395,0.09693465388040501
gsk1059615,19,0.04567417227281588,0.0004491682391388474,0.07848332689404176
abt-199,20,-0.16208122758950033,-0.19007379578832337,0.10349915993565492
vaf-347,18,-0.220727284840789,-0.09807320575282458,0.11494245007539998
brd-m00053801,17,-0.6313313573946389,-0.5208201885812422,0.08006828081359567
fqi-1,11,0.13730300661787845,0.07440951288848788,0.08317803241500125
temsirolimus,11,-0.3553539971110001,-0.3917303507999613,0.11815971530129533
teniposide,11,-0.22121929823128123,-0.41180446512484076,0.06258149378269455
cil41,11,-0.4109631884795008,-0.429494824833087,0.08708888587467646
tipifarnib-p2,10,-0.05454545454545454,0.06590126805336818,0.0808492296212474
tigecycline,10,-0.09146511499786561,-0.21469496205838212,0.09459367961132427
brd-k79669418,10,-0.3525852153344375,-0.5784764208575291,0.05525467020048155
cyclophosphamide,11,-0.1336533260147324,-0.4110506125778738,0.05786503990191832
brd-k99584050,10,-0.12805116099701186,-0.2438906488765665,0.053593825024212956
cil70,11,-0.23744539778815602,-0.3185287482676925,0.0975715952726724
cil55a,11,-0.03661413509810092,-0.24414999329434986,0.06402570782403125
brd-k03911514,11,-0.3516018390324618,-0.06619977112952927,0.05646831147607516
elcpk,11,0.33565435760634316,0.27488753114677633,0.07579290010621927
cil56,11,-0.35990981758678214,-0.38388300633105227,0.10357202184124928
cyanoquinoline 11,10,-0.686933264358473,-0.6143356278627726,0.05819242495093481
prima-1-met,10,0.23171162466125958,0.09161683149822059,0.08632318162930155
brd-k42260513,16,-0.08682857391152587,-0.12512092828415733,0.07371817772969977
skepinone-l,16,0.11643359330169344,0.17225798539746434,0.08263198907234037
belinostat,16,0.16801809666320316,0.15503562152129813,0.08894678210155263
brd-k51831558,16,0.25036846003782287,0.3560596672763121,0.05924851148189336
dinaciclib,16,0.033848427118052464,-0.05889652640308225,0.1729665925757481
dabrafenib,16,-0.24354409352352618,0.02665236771887114,0.09748711588908533
mi-2,16,-0.0206338013446039,-0.06139906893649731,0.08465788785675991
brd-k99006945,16,0.230430622855838,0.5619438446992372,0.1996682263328671
pf-3758309,16,0.2848777569169826,0.2520172380221709,0.14575530476904966
mln2480,16,0.032400624240188844,0.2764608921961516,0.05487543731057061
trametinib,16,0.506302870474955,0.4525865239032265,0.23662295137073153
at13387,16,0.1855672115574452,-0.02969400628182589,0.20655447095775267
avicin d,16,-0.41111686284446225,-0.5874084719293513,0.0988221950667807
cediranib,15,0.07001896891737036,-0.03726541567315571,0.10835061860281366
tivantinib,15,-0.1554960406433644,-0.12863912262386662,0.09408658951497983
alvocidib,16,0.08856148855400953,-0.01413390021146367,0.12674696701225227
azd1480,16,-0.2945511294562622,-0.3306423855455856,0.10091333283600662
o-6-benzylguanine,16,0.15599709889189395,0.04076280036682313,0.07245278975356252
brd-a86708339,16,0.06779677584655566,0.10207225014810101,0.10767459915122284
ro4929097,16,0.5381943197622219,0.41550835748900106,0.07281222141154463
docetaxel,14,-0.16923076923076924,-0.13529893437859788,0.21199620980522932
mg-132,15,0.10215119378940318,-0.08617390559035239,0.06149307406549148
qs-11,5,-0.7,-0.8565546288939027,0.08457584681790434
ml312,5,-0.09999999999999999,0.12177673325416875,0.06889163070745935
staurosporine,5,0.09999999999999999,0.006768239294766998,0.06051514468002056
968,5,-0.8999999999999998,-0.9419378927544665,0.061168784647023695
brd-k48334597,5,0.09999999999999999,0.3820573318877218,0.051993231060327036
brd-k13185470,5,-0.3,-0.3902350299500462,0.054246816175731676
neopeltolide,5,-0.7,-0.7169206863617439,0.23010475382561588
brd-k09344309,6,0.11595420713048968,0.2546378210118229,0.0994695819628786
