fold,rep,n_train_lines,n_fit_lines,n_stop_lines,n_val_lines,n_fit_bags,n_fit_cells,largest_bag,val_lines,best_epoch,best_val_obj,model,alpha,seed
1,X_pca,124,105,19,29,105,27516,898,"['BT549_BREAST', 'CAS1_CENTRAL_NERVOUS_SYSTEM', 'HEC6_ENDOMETRIUM', 'HT55_LARGE_INTESTINE', 'KMRC3_KIDNEY', 'MCF7_BREAST', 'MDAMB361_BREAST', 'MKN45_STOMACH', 'MSTO211H_PLEURA', 'NCIH2110_LUNG', 'NCIH226_LUNG', 'NCIH358_LUNG', 'OVCAR4_OVARY', 'PC3_PROSTATE', 'PECAPJ49_UPPER_AERODIGESTIVE_TRACT', 'RD_SOFT_TISSUE', 'SKMEL2_SKIN', 'SKMEL30_SKIN', 'SNU1079_BILIARY_TRACT', 'SNU1214_UPPER_AERODIGESTIVE_TRACT', 'SNU308_BILIARY_TRACT', 'SNU738_CENTRAL_NERVOUS_SYSTEM', 'SU8686_PANCREAS', 'SW1271_LUNG', 'T47D_BREAST', 'TE14_OESOPHAGUS', 'UACC257_SKIN', 'UMUC1_URINARY_TRACT', 'ZR751_BREAST']",15,0.024628164246678352,mil,0.5,42
2,X_pca,122,103,19,31,103,28668,1990,"['ACCMESO1_PLEURA', 'COLO792_SKIN', 'DETROIT562_UPPER_AERODIGESTIVE_TRACT', 'EKVX_LUNG', 'GOS3_CENTRAL_NERVOUS_SYSTEM', 'HEP3B217_LIVER', 'HMC18_BREAST', 'HUH28_BILIARY_TRACT', 'IGR37_SKIN', 'KALS1_CENTRAL_NERVOUS_SYSTEM', 'KYSE520_OESOPHAGUS', 'LMSU_STOMACH', 'LNCAPCLONEFGC_PROSTATE', 'MFE319_ENDOMETRIUM', 'NCIH1299_LUNG', 'NCIH1944_LUNG', 'NCIH522_LUNG', 'ONCODG1_OVARY', 'OVSAHO_OVARY', 'OVTOKO_OVARY', 'PATU8988S_PANCREAS', 'SCC25_UPPER_AERODIGESTIVE_TRACT', 'SCC9_UPPER_AERODIGESTIVE_TRACT', 'SKES1_BONE', 'SKNAS_AUTONOMIC_GANGLIA', 'SNU899_UPPER_AERODIGESTIVE_TRACT', 'TE6_OESOPHAGUS', 'TE9_OESOPHAGUS', 'TM31_CENTRAL_NERVOUS_SYSTEM', 'TOV112D_OVARY', 'VMRCRCZ_KIDNEY']",27,0.029091980308294296,mil,0.5,42
3,X_pca,122,103,19,31,103,26111,898,"['A375_SKIN', 'BHY_UPPER_AERODIGESTIVE_TRACT', 'BICR31_UPPER_AERODIGESTIVE_TRACT', 'BICR56_UPPER_AERODIGESTIVE_TRACT', 'CALU6_LUNG', 'CAMA1_BREAST', 'COLO741_SKIN', 'EBC1_LUNG', 'FTC133_THYROID', 'HCC56_LARGE_INTESTINE', 'HDQP1_BREAST', 'HEC251_ENDOMETRIUM', 'HS852T_SKIN', 'JHH6_LIVER', 'KPL1_BREAST', 'LS180_LARGE_INTESTINE', 'NCIH1373_LUNG', 'NCIH1435_LUNG', 'NCIH2228_LUNG', 'NCIH2444_LUNG', 'NCIH2452_PLEURA', 'NCIH292_LUNG', 'NCIH446_LUNG', 'NCIH460_LUNG', 'OSRC2_KIDNEY', 'PANC0203_PANCREAS', 'RCM1_LARGE_INTESTINE', 'SNU449_LIVER', 'SQ1_LUNG', 'SW579_THYROID', 'TCCSUP_URINARY_TRACT']",19,0.023588871583342552,mil,0.5,42
4,X_pca,122,103,19,31,103,27700,1990,"['42MGBA_CENTRAL_NERVOUS_SYSTEM', '8305C_THYROID', 'A204_SOFT_TISSUE', 'ASPC1_PANCREAS', 'BCPAP_THYROID', 'BT474_BREAST', 'CAKI2_KIDNEY', 'COV434_OVARY', 'EFE184_ENDOMETRIUM', 'HEC151_ENDOMETRIUM', 'HOS_BONE', 'HT1197_URINARY_TRACT', 'HUH6_LIVER', 'IALM_LUNG', 'IM95_STOMACH', 'KNS42_CENTRAL_NERVOUS_SYSTEM', 'LI7_LIVER', 'LS1034_LARGE_INTESTINE', 'NCIH1792_LUNG', 'NCIH2126_LUNG', 'NCIH2170_LUNG', 'PK45H_PANCREAS', 'RVH421_SKIN', 'SKMEL5_SKIN', 'SNU423_LIVER', 'SNU46_UPPER_AERODIGESTIVE_TRACT', 'SW1088_CENTRAL_NERVOUS_SYSTEM', 'TE10_OESOPHAGUS', 'TE1_OESOPHAGUS', 'VMCUB1_URINARY_TRACT', 'YD38_UPPER_AERODIGESTIVE_TRACT']",8,0.04024592787027359,mil,0.5,42
5,X_pca,122,103,19,31,103,27137,898,"['A2058_SKIN', 'BFTC909_KIDNEY', 'BICR16_UPPER_AERODIGESTIVE_TRACT', 'BICR6_UPPER_AERODIGESTIVE_TRACT', 'CCFSTTG1_CENTRAL_NERVOUS_SYSTEM', 'DKMG_CENTRAL_NERVOUS_SYSTEM', 'EFM192A_BREAST', 'HCC1428_BREAST', 'HCC366_LUNG', 'HCC38_BREAST', 'HT1080_SOFT_TISSUE', 'HUPT3_PANCREAS', 'HUPT4_PANCREAS', 'IGR1_SKIN', 'JHOC5_OVARY', 'KPNSI9S_AUTONOMIC_GANGLIA', 'MKN7_STOMACH', 'NCIH2087_LUNG', 'NCIH650_LUNG', 'NCIH747_LARGE_INTESTINE', 'OAW28_OVARY', 'OUMS23_LARGE_INTESTINE', 'OVK18_OVARY', 'PK59_PANCREAS', 'RCC10RGB_KIDNEY', 'RERFLCAD1_LUNG', 'RERFLCAI_LUNG', 'RT4_URINARY_TRACT', 'SH10TC_STOMACH', 'SNUC4_LARGE_INTESTINE', 'SW1990_PANCREAS']",17,0.049630068242549896,mil,0.5,42
1,X_pca,124,105,19,29,105,27516,898,"['BT549_BREAST', 'CAS1_CENTRAL_NERVOUS_SYSTEM', 'HEC6_ENDOMETRIUM', 'HT55_LARGE_INTESTINE', 'KMRC3_KIDNEY', 'MCF7_BREAST', 'MDAMB361_BREAST', 'MKN45_STOMACH', 'MSTO211H_PLEURA', 'NCIH2110_LUNG', 'NCIH226_LUNG', 'NCIH358_LUNG', 'OVCAR4_OVARY', 'PC3_PROSTATE', 'PECAPJ49_UPPER_AERODIGESTIVE_TRACT', 'RD_SOFT_TISSUE', 'SKMEL2_SKIN', 'SKMEL30_SKIN', 'SNU1079_BILIARY_TRACT', 'SNU1214_UPPER_AERODIGESTIVE_TRACT', 'SNU308_BILIARY_TRACT', 'SNU738_CENTRAL_NERVOUS_SYSTEM', 'SU8686_PANCREAS', 'SW1271_LUNG', 'T47D_BREAST', 'TE14_OESOPHAGUS', 'UACC257_SKIN', 'UMUC1_URINARY_TRACT', 'ZR751_BREAST']",10,0.025564217939972878,mil,0.5,43
2,X_pca,122,103,19,31,103,28668,1990,"['ACCMESO1_PLEURA', 'COLO792_SKIN', 'DETROIT562_UPPER_AERODIGESTIVE_TRACT', 'EKVX_LUNG', 'GOS3_CENTRAL_NERVOUS_SYSTEM', 'HEP3B217_LIVER', 'HMC18_BREAST', 'HUH28_BILIARY_TRACT', 'IGR37_SKIN', 'KALS1_CENTRAL_NERVOUS_SYSTEM', 'KYSE520_OESOPHAGUS', 'LMSU_STOMACH', 'LNCAPCLONEFGC_PROSTATE', 'MFE319_ENDOMETRIUM', 'NCIH1299_LUNG', 'NCIH1944_LUNG', 'NCIH522_LUNG', 'ONCODG1_OVARY', 'OVSAHO_OVARY', 'OVTOKO_OVARY', 'PATU8988S_PANCREAS', 'SCC25_UPPER_AERODIGESTIVE_TRACT', 'SCC9_UPPER_AERODIGESTIVE_TRACT', 'SKES1_BONE', 'SKNAS_AUTONOMIC_GANGLIA', 'SNU899_UPPER_AERODIGESTIVE_TRACT', 'TE6_OESOPHAGUS', 'TE9_OESOPHAGUS', 'TM31_CENTRAL_NERVOUS_SYSTEM', 'TOV112D_OVARY', 'VMRCRCZ_KIDNEY']",15,0.027771370485424995,mil,0.5,43
3,X_pca,122,103,19,31,103,26111,898,"['A375_SKIN', 'BHY_UPPER_AERODIGESTIVE_TRACT', 'BICR31_UPPER_AERODIGESTIVE_TRACT', 'BICR56_UPPER_AERODIGESTIVE_TRACT', 'CALU6_LUNG', 'CAMA1_BREAST', 'COLO741_SKIN', 'EBC1_LUNG', 'FTC133_THYROID', 'HCC56_LARGE_INTESTINE', 'HDQP1_BREAST', 'HEC251_ENDOMETRIUM', 'HS852T_SKIN', 'JHH6_LIVER', 'KPL1_BREAST', 'LS180_LARGE_INTESTINE', 'NCIH1373_LUNG', 'NCIH1435_LUNG', 'NCIH2228_LUNG', 'NCIH2444_LUNG', 'NCIH2452_PLEURA', 'NCIH292_LUNG', 'NCIH446_LUNG', 'NCIH460_LUNG', 'OSRC2_KIDNEY', 'PANC0203_PANCREAS', 'RCM1_LARGE_INTESTINE', 'SNU449_LIVER', 'SQ1_LUNG', 'SW579_THYROID', 'TCCSUP_URINARY_TRACT']",10,0.024465302005410194,mil,0.5,43
4,X_pca,122,103,19,31,103,27700,1990,"['42MGBA_CENTRAL_NERVOUS_SYSTEM', '8305C_THYROID', 'A204_SOFT_TISSUE', 'ASPC1_PANCREAS', 'BCPAP_THYROID', 'BT474_BREAST', 'CAKI2_KIDNEY', 'COV434_OVARY', 'EFE184_ENDOMETRIUM', 'HEC151_ENDOMETRIUM', 'HOS_BONE', 'HT1197_URINARY_TRACT', 'HUH6_LIVER', 'IALM_LUNG', 'IM95_STOMACH', 'KNS42_CENTRAL_NERVOUS_SYSTEM', 'LI7_LIVER', 'LS1034_LARGE_INTESTINE', 'NCIH1792_LUNG', 'NCIH2126_LUNG', 'NCIH2170_LUNG', 'PK45H_PANCREAS', 'RVH421_SKIN', 'SKMEL5_SKIN', 'SNU423_LIVER', 'SNU46_UPPER_AERODIGESTIVE_TRACT', 'SW1088_CENTRAL_NERVOUS_SYSTEM', 'TE10_OESOPHAGUS', 'TE1_OESOPHAGUS', 'VMCUB1_URINARY_TRACT', 'YD38_UPPER_AERODIGESTIVE_TRACT']",3,0.043713197112083435,mil,0.5,43
5,X_pca,122,103,19,31,103,27137,898,"['A2058_SKIN', 'BFTC909_KIDNEY', 'BICR16_UPPER_AERODIGESTIVE_TRACT', 'BICR6_UPPER_AERODIGESTIVE_TRACT', 'CCFSTTG1_CENTRAL_NERVOUS_SYSTEM', 'DKMG_CENTRAL_NERVOUS_SYSTEM', 'EFM192A_BREAST', 'HCC1428_BREAST', 'HCC366_LUNG', 'HCC38_BREAST', 'HT1080_SOFT_TISSUE', 'HUPT3_PANCREAS', 'HUPT4_PANCREAS', 'IGR1_SKIN', 'JHOC5_OVARY', 'KPNSI9S_AUTONOMIC_GANGLIA', 'MKN7_STOMACH', 'NCIH2087_LUNG', 'NCIH650_LUNG', 'NCIH747_LARGE_INTESTINE', 'OAW28_OVARY', 'OUMS23_LARGE_INTESTINE', 'OVK18_OVARY', 'PK59_PANCREAS', 'RCC10RGB_KIDNEY', 'RERFLCAD1_LUNG', 'RERFLCAI_LUNG', 'RT4_URINARY_TRACT', 'SH10TC_STOMACH', 'SNUC4_LARGE_INTESTINE', 'SW1990_PANCREAS']",24,0.04845411330461502,mil,0.5,43
1,X_pca,124,105,19,29,105,27516,898,"['BT549_BREAST', 'CAS1_CENTRAL_NERVOUS_SYSTEM', 'HEC6_ENDOMETRIUM', 'HT55_LARGE_INTESTINE', 'KMRC3_KIDNEY', 'MCF7_BREAST', 'MDAMB361_BREAST', 'MKN45_STOMACH', 'MSTO211H_PLEURA', 'NCIH2110_LUNG', 'NCIH226_LUNG', 'NCIH358_LUNG', 'OVCAR4_OVARY', 'PC3_PROSTATE', 'PECAPJ49_UPPER_AERODIGESTIVE_TRACT', 'RD_SOFT_TISSUE', 'SKMEL2_SKIN', 'SKMEL30_SKIN', 'SNU1079_BILIARY_TRACT', 'SNU1214_UPPER_AERODIGESTIVE_TRACT', 'SNU308_BILIARY_TRACT', 'SNU738_CENTRAL_NERVOUS_SYSTEM', 'SU8686_PANCREAS', 'SW1271_LUNG', 'T47D_BREAST', 'TE14_OESOPHAGUS', 'UACC257_SKIN', 'UMUC1_URINARY_TRACT', 'ZR751_BREAST']",33,0.02369067259132862,mil,0.5,44
2,X_pca,122,103,19,31,103,28668,1990,"['ACCMESO1_PLEURA', 'COLO792_SKIN', 'DETROIT562_UPPER_AERODIGESTIVE_TRACT', 'EKVX_LUNG', 'GOS3_CENTRAL_NERVOUS_SYSTEM', 'HEP3B217_LIVER', 'HMC18_BREAST', 'HUH28_BILIARY_TRACT', 'IGR37_SKIN', 'KALS1_CENTRAL_NERVOUS_SYSTEM', 'KYSE520_OESOPHAGUS', 'LMSU_STOMACH', 'LNCAPCLONEFGC_PROSTATE', 'MFE319_ENDOMETRIUM', 'NCIH1299_LUNG', 'NCIH1944_LUNG', 'NCIH522_LUNG', 'ONCODG1_OVARY', 'OVSAHO_OVARY', 'OVTOKO_OVARY', 'PATU8988S_PANCREAS', 'SCC25_UPPER_AERODIGESTIVE_TRACT', 'SCC9_UPPER_AERODIGESTIVE_TRACT', 'SKES1_BONE', 'SKNAS_AUTONOMIC_GANGLIA', 'SNU899_UPPER_AERODIGESTIVE_TRACT', 'TE6_OESOPHAGUS', 'TE9_OESOPHAGUS', 'TM31_CENTRAL_NERVOUS_SYSTEM', 'TOV112D_OVARY', 'VMRCRCZ_KIDNEY']",22,0.02622973918914795,mil,0.5,44
3,X_pca,122,103,19,31,103,26111,898,"['A375_SKIN', 'BHY_UPPER_AERODIGESTIVE_TRACT', 'BICR31_UPPER_AERODIGESTIVE_TRACT', 'BICR56_UPPER_AERODIGESTIVE_TRACT', 'CALU6_LUNG', 'CAMA1_BREAST', 'COLO741_SKIN', 'EBC1_LUNG', 'FTC133_THYROID', 'HCC56_LARGE_INTESTINE', 'HDQP1_BREAST', 'HEC251_ENDOMETRIUM', 'HS852T_SKIN', 'JHH6_LIVER', 'KPL1_BREAST', 'LS180_LARGE_INTESTINE', 'NCIH1373_LUNG', 'NCIH1435_LUNG', 'NCIH2228_LUNG', 'NCIH2444_LUNG', 'NCIH2452_PLEURA', 'NCIH292_LUNG', 'NCIH446_LUNG', 'NCIH460_LUNG', 'OSRC2_KIDNEY', 'PANC0203_PANCREAS', 'RCM1_LARGE_INTESTINE', 'SNU449_LIVER', 'SQ1_LUNG', 'SW579_THYROID', 'TCCSUP_URINARY_TRACT']",12,0.022405453026294708,mil,0.5,44
4,X_pca,122,103,19,31,103,27700,1990,"['42MGBA_CENTRAL_NERVOUS_SYSTEM', '8305C_THYROID', 'A204_SOFT_TISSUE', 'ASPC1_PANCREAS', 'BCPAP_THYROID', 'BT474_BREAST', 'CAKI2_KIDNEY', 'COV434_OVARY', 'EFE184_ENDOMETRIUM', 'HEC151_ENDOMETRIUM', 'HOS_BONE', 'HT1197_URINARY_TRACT', 'HUH6_LIVER', 'IALM_LUNG', 'IM95_STOMACH', 'KNS42_CENTRAL_NERVOUS_SYSTEM', 'LI7_LIVER', 'LS1034_LARGE_INTESTINE', 'NCIH1792_LUNG', 'NCIH2126_LUNG', 'NCIH2170_LUNG', 'PK45H_PANCREAS', 'RVH421_SKIN', 'SKMEL5_SKIN', 'SNU423_LIVER', 'SNU46_UPPER_AERODIGESTIVE_TRACT', 'SW1088_CENTRAL_NERVOUS_SYSTEM', 'TE10_OESOPHAGUS', 'TE1_OESOPHAGUS', 'VMCUB1_URINARY_TRACT', 'YD38_UPPER_AERODIGESTIVE_TRACT']",12,0.046420756727457047,mil,0.5,44
5,X_pca,122,103,19,31,103,27137,898,"['A2058_SKIN', 'BFTC909_KIDNEY', 'BICR16_UPPER_AERODIGESTIVE_TRACT', 'BICR6_UPPER_AERODIGESTIVE_TRACT', 'CCFSTTG1_CENTRAL_NERVOUS_SYSTEM', 'DKMG_CENTRAL_NERVOUS_SYSTEM', 'EFM192A_BREAST', 'HCC1428_BREAST', 'HCC366_LUNG', 'HCC38_BREAST', 'HT1080_SOFT_TISSUE', 'HUPT3_PANCREAS', 'HUPT4_PANCREAS', 'IGR1_SKIN', 'JHOC5_OVARY', 'KPNSI9S_AUTONOMIC_GANGLIA', 'MKN7_STOMACH', 'NCIH2087_LUNG', 'NCIH650_LUNG', 'NCIH747_LARGE_INTESTINE', 'OAW28_OVARY', 'OUMS23_LARGE_INTESTINE', 'OVK18_OVARY', 'PK59_PANCREAS', 'RCC10RGB_KIDNEY', 'RERFLCAD1_LUNG', 'RERFLCAI_LUNG', 'RT4_URINARY_TRACT', 'SH10TC_STOMACH', 'SNUC4_LARGE_INTESTINE', 'SW1990_PANCREAS']",15,0.04375738650560379,mil,0.5,44
1,X_scGPT,124,105,19,29,105,27516,898,"['BT549_BREAST', 'CAS1_CENTRAL_NERVOUS_SYSTEM', 'HEC6_ENDOMETRIUM', 'HT55_LARGE_INTESTINE', 'KMRC3_KIDNEY', 'MCF7_BREAST', 'MDAMB361_BREAST', 'MKN45_STOMACH', 'MSTO211H_PLEURA', 'NCIH2110_LUNG', 'NCIH226_LUNG', 'NCIH358_LUNG', 'OVCAR4_OVARY', 'PC3_PROSTATE', 'PECAPJ49_UPPER_AERODIGESTIVE_TRACT', 'RD_SOFT_TISSUE', 'SKMEL2_SKIN', 'SKMEL30_SKIN', 'SNU1079_BILIARY_TRACT', 'SNU1214_UPPER_AERODIGESTIVE_TRACT', 'SNU308_BILIARY_TRACT', 'SNU738_CENTRAL_NERVOUS_SYSTEM', 'SU8686_PANCREAS', 'SW1271_LUNG', 'T47D_BREAST', 'TE14_OESOPHAGUS', 'UACC257_SKIN', 'UMUC1_URINARY_TRACT', 'ZR751_BREAST']",15,0.018832625821232796,mil,0.5,42
2,X_scGPT,122,103,19,31,103,28668,1990,"['ACCMESO1_PLEURA', 'COLO792_SKIN', 'DETROIT562_UPPER_AERODIGESTIVE_TRACT', 'EKVX_LUNG', 'GOS3_CENTRAL_NERVOUS_SYSTEM', 'HEP3B217_LIVER', 'HMC18_BREAST', 'HUH28_BILIARY_TRACT', 'IGR37_SKIN', 'KALS1_CENTRAL_NERVOUS_SYSTEM', 'KYSE520_OESOPHAGUS', 'LMSU_STOMACH', 'LNCAPCLONEFGC_PROSTATE', 'MFE319_ENDOMETRIUM', 'NCIH1299_LUNG', 'NCIH1944_LUNG', 'NCIH522_LUNG', 'ONCODG1_OVARY', 'OVSAHO_OVARY', 'OVTOKO_OVARY', 'PATU8988S_PANCREAS', 'SCC25_UPPER_AERODIGESTIVE_TRACT', 'SCC9_UPPER_AERODIGESTIVE_TRACT', 'SKES1_BONE', 'SKNAS_AUTONOMIC_GANGLIA', 'SNU899_UPPER_AERODIGESTIVE_TRACT', 'TE6_OESOPHAGUS', 'TE9_OESOPHAGUS', 'TM31_CENTRAL_NERVOUS_SYSTEM', 'TOV112D_OVARY', 'VMRCRCZ_KIDNEY']",7,0.021705299615859985,mil,0.5,42
3,X_scGPT,122,103,19,31,103,26111,898,"['A375_SKIN', 'BHY_UPPER_AERODIGESTIVE_TRACT', 'BICR31_UPPER_AERODIGESTIVE_TRACT', 'BICR56_UPPER_AERODIGESTIVE_TRACT', 'CALU6_LUNG', 'CAMA1_BREAST', 'COLO741_SKIN', 'EBC1_LUNG', 'FTC133_THYROID', 'HCC56_LARGE_INTESTINE', 'HDQP1_BREAST', 'HEC251_ENDOMETRIUM', 'HS852T_SKIN', 'JHH6_LIVER', 'KPL1_BREAST', 'LS180_LARGE_INTESTINE', 'NCIH1373_LUNG', 'NCIH1435_LUNG', 'NCIH2228_LUNG', 'NCIH2444_LUNG', 'NCIH2452_PLEURA', 'NCIH292_LUNG', 'NCIH446_LUNG', 'NCIH460_LUNG', 'OSRC2_KIDNEY', 'PANC0203_PANCREAS', 'RCM1_LARGE_INTESTINE', 'SNU449_LIVER', 'SQ1_LUNG', 'SW579_THYROID', 'TCCSUP_URINARY_TRACT']",13,0.026511836796998978,mil,0.5,42
4,X_scGPT,122,103,19,31,103,27700,1990,"['42MGBA_CENTRAL_NERVOUS_SYSTEM', '8305C_THYROID', 'A204_SOFT_TISSUE', 'ASPC1_PANCREAS', 'BCPAP_THYROID', 'BT474_BREAST', 'CAKI2_KIDNEY', 'COV434_OVARY', 'EFE184_ENDOMETRIUM', 'HEC151_ENDOMETRIUM', 'HOS_BONE', 'HT1197_URINARY_TRACT', 'HUH6_LIVER', 'IALM_LUNG', 'IM95_STOMACH', 'KNS42_CENTRAL_NERVOUS_SYSTEM', 'LI7_LIVER', 'LS1034_LARGE_INTESTINE', 'NCIH1792_LUNG', 'NCIH2126_LUNG', 'NCIH2170_LUNG', 'PK45H_PANCREAS', 'RVH421_SKIN', 'SKMEL5_SKIN', 'SNU423_LIVER', 'SNU46_UPPER_AERODIGESTIVE_TRACT', 'SW1088_CENTRAL_NERVOUS_SYSTEM', 'TE10_OESOPHAGUS', 'TE1_OESOPHAGUS', 'VMCUB1_URINARY_TRACT', 'YD38_UPPER_AERODIGESTIVE_TRACT']",20,0.035796284675598145,mil,0.5,42
5,X_scGPT,122,103,19,31,103,27137,898,"['A2058_SKIN', 'BFTC909_KIDNEY', 'BICR16_UPPER_AERODIGESTIVE_TRACT', 'BICR6_UPPER_AERODIGESTIVE_TRACT', 'CCFSTTG1_CENTRAL_NERVOUS_SYSTEM', 'DKMG_CENTRAL_NERVOUS_SYSTEM', 'EFM192A_BREAST', 'HCC1428_BREAST', 'HCC366_LUNG', 'HCC38_BREAST', 'HT1080_SOFT_TISSUE', 'HUPT3_PANCREAS', 'HUPT4_PANCREAS', 'IGR1_SKIN', 'JHOC5_OVARY', 'KPNSI9S_AUTONOMIC_GANGLIA', 'MKN7_STOMACH', 'NCIH2087_LUNG', 'NCIH650_LUNG', 'NCIH747_LARGE_INTESTINE', 'OAW28_OVARY', 'OUMS23_LARGE_INTESTINE', 'OVK18_OVARY', 'PK59_PANCREAS', 'RCC10RGB_KIDNEY', 'RERFLCAD1_LUNG', 'RERFLCAI_LUNG', 'RT4_URINARY_TRACT', 'SH10TC_STOMACH', 'SNUC4_LARGE_INTESTINE', 'SW1990_PANCREAS']",22,0.04058574140071869,mil,0.5,42
1,X_scGPT,124,105,19,29,105,27516,898,"['BT549_BREAST', 'CAS1_CENTRAL_NERVOUS_SYSTEM', 'HEC6_ENDOMETRIUM', 'HT55_LARGE_INTESTINE', 'KMRC3_KIDNEY', 'MCF7_BREAST', 'MDAMB361_BREAST', 'MKN45_STOMACH', 'MSTO211H_PLEURA', 'NCIH2110_LUNG', 'NCIH226_LUNG', 'NCIH358_LUNG', 'OVCAR4_OVARY', 'PC3_PROSTATE', 'PECAPJ49_UPPER_AERODIGESTIVE_TRACT', 'RD_SOFT_TISSUE', 'SKMEL2_SKIN', 'SKMEL30_SKIN', 'SNU1079_BILIARY_TRACT', 'SNU1214_UPPER_AERODIGESTIVE_TRACT', 'SNU308_BILIARY_TRACT', 'SNU738_CENTRAL_NERVOUS_SYSTEM', 'SU8686_PANCREAS', 'SW1271_LUNG', 'T47D_BREAST', 'TE14_OESOPHAGUS', 'UACC257_SKIN', 'UMUC1_URINARY_TRACT', 'ZR751_BREAST']",10,0.018904849886894226,mil,0.5,43
2,X_scGPT,122,103,19,31,103,28668,1990,"['ACCMESO1_PLEURA', 'COLO792_SKIN', 'DETROIT562_UPPER_AERODIGESTIVE_TRACT', 'EKVX_LUNG', 'GOS3_CENTRAL_NERVOUS_SYSTEM', 'HEP3B217_LIVER', 'HMC18_BREAST', 'HUH28_BILIARY_TRACT', 'IGR37_SKIN', 'KALS1_CENTRAL_NERVOUS_SYSTEM', 'KYSE520_OESOPHAGUS', 'LMSU_STOMACH', 'LNCAPCLONEFGC_PROSTATE', 'MFE319_ENDOMETRIUM', 'NCIH1299_LUNG', 'NCIH1944_LUNG', 'NCIH522_LUNG', 'ONCODG1_OVARY', 'OVSAHO_OVARY', 'OVTOKO_OVARY', 'PATU8988S_PANCREAS', 'SCC25_UPPER_AERODIGESTIVE_TRACT', 'SCC9_UPPER_AERODIGESTIVE_TRACT', 'SKES1_BONE', 'SKNAS_AUTONOMIC_GANGLIA', 'SNU899_UPPER_AERODIGESTIVE_TRACT', 'TE6_OESOPHAGUS', 'TE9_OESOPHAGUS', 'TM31_CENTRAL_NERVOUS_SYSTEM', 'TOV112D_OVARY', 'VMRCRCZ_KIDNEY']",17,0.02211400866508484,mil,0.5,43
3,X_scGPT,122,103,19,31,103,26111,898,"['A375_SKIN', 'BHY_UPPER_AERODIGESTIVE_TRACT', 'BICR31_UPPER_AERODIGESTIVE_TRACT', 'BICR56_UPPER_AERODIGESTIVE_TRACT', 'CALU6_LUNG', 'CAMA1_BREAST', 'COLO741_SKIN', 'EBC1_LUNG', 'FTC133_THYROID', 'HCC56_LARGE_INTESTINE', 'HDQP1_BREAST', 'HEC251_ENDOMETRIUM', 'HS852T_SKIN', 'JHH6_LIVER', 'KPL1_BREAST', 'LS180_LARGE_INTESTINE', 'NCIH1373_LUNG', 'NCIH1435_LUNG', 'NCIH2228_LUNG', 'NCIH2444_LUNG', 'NCIH2452_PLEURA', 'NCIH292_LUNG', 'NCIH446_LUNG', 'NCIH460_LUNG', 'OSRC2_KIDNEY', 'PANC0203_PANCREAS', 'RCM1_LARGE_INTESTINE', 'SNU449_LIVER', 'SQ1_LUNG', 'SW579_THYROID', 'TCCSUP_URINARY_TRACT']",20,0.025022190064191818,mil,0.5,43
4,X_scGPT,122,103,19,31,103,27700,1990,"['42MGBA_CENTRAL_NERVOUS_SYSTEM', '8305C_THYROID', 'A204_SOFT_TISSUE', 'ASPC1_PANCREAS', 'BCPAP_THYROID', 'BT474_BREAST', 'CAKI2_KIDNEY', 'COV434_OVARY', 'EFE184_ENDOMETRIUM', 'HEC151_ENDOMETRIUM', 'HOS_BONE', 'HT1197_URINARY_TRACT', 'HUH6_LIVER', 'IALM_LUNG', 'IM95_STOMACH', 'KNS42_CENTRAL_NERVOUS_SYSTEM', 'LI7_LIVER', 'LS1034_LARGE_INTESTINE', 'NCIH1792_LUNG', 'NCIH2126_LUNG', 'NCIH2170_LUNG', 'PK45H_PANCREAS', 'RVH421_SKIN', 'SKMEL5_SKIN', 'SNU423_LIVER', 'SNU46_UPPER_AERODIGESTIVE_TRACT', 'SW1088_CENTRAL_NERVOUS_SYSTEM', 'TE10_OESOPHAGUS', 'TE1_OESOPHAGUS', 'VMCUB1_URINARY_TRACT', 'YD38_UPPER_AERODIGESTIVE_TRACT']",15,0.03738711029291153,mil,0.5,43
5,X_scGPT,122,103,19,31,103,27137,898,"['A2058_SKIN', 'BFTC909_KIDNEY', 'BICR16_UPPER_AERODIGESTIVE_TRACT', 'BICR6_UPPER_AERODIGESTIVE_TRACT', 'CCFSTTG1_CENTRAL_NERVOUS_SYSTEM', 'DKMG_CENTRAL_NERVOUS_SYSTEM', 'EFM192A_BREAST', 'HCC1428_BREAST', 'HCC366_LUNG', 'HCC38_BREAST', 'HT1080_SOFT_TISSUE', 'HUPT3_PANCREAS', 'HUPT4_PANCREAS', 'IGR1_SKIN', 'JHOC5_OVARY', 'KPNSI9S_AUTONOMIC_GANGLIA', 'MKN7_STOMACH', 'NCIH2087_LUNG', 'NCIH650_LUNG', 'NCIH747_LARGE_INTESTINE', 'OAW28_OVARY', 'OUMS23_LARGE_INTESTINE', 'OVK18_OVARY', 'PK59_PANCREAS', 'RCC10RGB_KIDNEY', 'RERFLCAD1_LUNG', 'RERFLCAI_LUNG', 'RT4_URINARY_TRACT', 'SH10TC_STOMACH', 'SNUC4_LARGE_INTESTINE', 'SW1990_PANCREAS']",31,0.03844159096479416,mil,0.5,43
1,X_scGPT,124,105,19,29,105,27516,898,"['BT549_BREAST', 'CAS1_CENTRAL_NERVOUS_SYSTEM', 'HEC6_ENDOMETRIUM', 'HT55_LARGE_INTESTINE', 'KMRC3_KIDNEY', 'MCF7_BREAST', 'MDAMB361_BREAST', 'MKN45_STOMACH', 'MSTO211H_PLEURA', 'NCIH2110_LUNG', 'NCIH226_LUNG', 'NCIH358_LUNG', 'OVCAR4_OVARY', 'PC3_PROSTATE', 'PECAPJ49_UPPER_AERODIGESTIVE_TRACT', 'RD_SOFT_TISSUE', 'SKMEL2_SKIN', 'SKMEL30_SKIN', 'SNU1079_BILIARY_TRACT', 'SNU1214_UPPER_AERODIGESTIVE_TRACT', 'SNU308_BILIARY_TRACT', 'SNU738_CENTRAL_NERVOUS_SYSTEM', 'SU8686_PANCREAS', 'SW1271_LUNG', 'T47D_BREAST', 'TE14_OESOPHAGUS', 'UACC257_SKIN', 'UMUC1_URINARY_TRACT', 'ZR751_BREAST']",16,0.019653718918561935,mil,0.5,44
2,X_scGPT,122,103,19,31,103,28668,1990,"['ACCMESO1_PLEURA', 'COLO792_SKIN', 'DETROIT562_UPPER_AERODIGESTIVE_TRACT', 'EKVX_LUNG', 'GOS3_CENTRAL_NERVOUS_SYSTEM', 'HEP3B217_LIVER', 'HMC18_BREAST', 'HUH28_BILIARY_TRACT', 'IGR37_SKIN', 'KALS1_CENTRAL_NERVOUS_SYSTEM', 'KYSE520_OESOPHAGUS', 'LMSU_STOMACH', 'LNCAPCLONEFGC_PROSTATE', 'MFE319_ENDOMETRIUM', 'NCIH1299_LUNG', 'NCIH1944_LUNG', 'NCIH522_LUNG', 'ONCODG1_OVARY', 'OVSAHO_OVARY', 'OVTOKO_OVARY', 'PATU8988S_PANCREAS', 'SCC25_UPPER_AERODIGESTIVE_TRACT', 'SCC9_UPPER_AERODIGESTIVE_TRACT', 'SKES1_BONE', 'SKNAS_AUTONOMIC_GANGLIA', 'SNU899_UPPER_AERODIGESTIVE_TRACT', 'TE6_OESOPHAGUS', 'TE9_OESOPHAGUS', 'TM31_CENTRAL_NERVOUS_SYSTEM', 'TOV112D_OVARY', 'VMRCRCZ_KIDNEY']",19,0.02077368088066578,mil,0.5,44
3,X_scGPT,122,103,19,31,103,26111,898,"['A375_SKIN', 'BHY_UPPER_AERODIGESTIVE_TRACT', 'BICR31_UPPER_AERODIGESTIVE_TRACT', 'BICR56_UPPER_AERODIGESTIVE_TRACT', 'CALU6_LUNG', 'CAMA1_BREAST', 'COLO741_SKIN', 'EBC1_LUNG', 'FTC133_THYROID', 'HCC56_LARGE_INTESTINE', 'HDQP1_BREAST', 'HEC251_ENDOMETRIUM', 'HS852T_SKIN', 'JHH6_LIVER', 'KPL1_BREAST', 'LS180_LARGE_INTESTINE', 'NCIH1373_LUNG', 'NCIH1435_LUNG', 'NCIH2228_LUNG', 'NCIH2444_LUNG', 'NCIH2452_PLEURA', 'NCIH292_LUNG', 'NCIH446_LUNG', 'NCIH460_LUNG', 'OSRC2_KIDNEY', 'PANC0203_PANCREAS', 'RCM1_LARGE_INTESTINE', 'SNU449_LIVER', 'SQ1_LUNG', 'SW579_THYROID', 'TCCSUP_URINARY_TRACT']",23,0.02664199285209179,mil,0.5,44
4,X_scGPT,122,103,19,31,103,27700,1990,"['42MGBA_CENTRAL_NERVOUS_SYSTEM', '8305C_THYROID', 'A204_SOFT_TISSUE', 'ASPC1_PANCREAS', 'BCPAP_THYROID', 'BT474_BREAST', 'CAKI2_KIDNEY', 'COV434_OVARY', 'EFE184_ENDOMETRIUM', 'HEC151_ENDOMETRIUM', 'HOS_BONE', 'HT1197_URINARY_TRACT', 'HUH6_LIVER', 'IALM_LUNG', 'IM95_STOMACH', 'KNS42_CENTRAL_NERVOUS_SYSTEM', 'LI7_LIVER', 'LS1034_LARGE_INTESTINE', 'NCIH1792_LUNG', 'NCIH2126_LUNG', 'NCIH2170_LUNG', 'PK45H_PANCREAS', 'RVH421_SKIN', 'SKMEL5_SKIN', 'SNU423_LIVER', 'SNU46_UPPER_AERODIGESTIVE_TRACT', 'SW1088_CENTRAL_NERVOUS_SYSTEM', 'TE10_OESOPHAGUS', 'TE1_OESOPHAGUS', 'VMCUB1_URINARY_TRACT', 'YD38_UPPER_AERODIGESTIVE_TRACT']",8,0.03874616697430611,mil,0.5,44
5,X_scGPT,122,103,19,31,103,27137,898,"['A2058_SKIN', 'BFTC909_KIDNEY', 'BICR16_UPPER_AERODIGESTIVE_TRACT', 'BICR6_UPPER_AERODIGESTIVE_TRACT', 'CCFSTTG1_CENTRAL_NERVOUS_SYSTEM', 'DKMG_CENTRAL_NERVOUS_SYSTEM', 'EFM192A_BREAST', 'HCC1428_BREAST', 'HCC366_LUNG', 'HCC38_BREAST', 'HT1080_SOFT_TISSUE', 'HUPT3_PANCREAS', 'HUPT4_PANCREAS', 'IGR1_SKIN', 'JHOC5_OVARY', 'KPNSI9S_AUTONOMIC_GANGLIA', 'MKN7_STOMACH', 'NCIH2087_LUNG', 'NCIH650_LUNG', 'NCIH747_LARGE_INTESTINE', 'OAW28_OVARY', 'OUMS23_LARGE_INTESTINE', 'OVK18_OVARY', 'PK59_PANCREAS', 'RCC10RGB_KIDNEY', 'RERFLCAD1_LUNG', 'RERFLCAI_LUNG', 'RT4_URINARY_TRACT', 'SH10TC_STOMACH', 'SNUC4_LARGE_INTESTINE', 'SW1990_PANCREAS']",28,0.03910398855805397,mil,0.5,44
