cid,parent_cids
2123,2123
2126,2126
2187,2187
2375,2375
2478,2478
2578,2578
2708,2708
2746,2746
2749,2749
2756,2756
2907,2907
3385,3385
3397,3397
3503,3503
3657,3657
3690,3690
3902,3902
3950,3950
4033,4033
4211,4211
4261,4261
4477,4477
4493,4493
4578,4578
4705,4705
4788,4788
4915,4915
4917,4917
5291,5291
5311,5311
5394,5394
5426,5426
5453,5453
5566,5566
5743,5743
5746,5746
5790,5790
5978,5978
6010,6010
6252,6253
6253,6253
6446,6446
8515,8515
9444,9444
9703,4915
14888,
20279,20279
23939,
26596,26596
29327,29327
31703,31703
36314,36314
36462,36462
41867,41867
42890,42890
44259,44259
53232,53232
54454,54454
55283,55283
55508,55508
57469,57469
60198,60198
60699,60700
60700,60700
60750,60750
60838,60838
60953,60953
62770,30323
64971,64971
65064,65064
65628,65628
72376,72376
72967,72967
77082,65628
81146,81146
82146,82146
100016,100016
104741,104741
104842,104842
107970,107970
107985,107985
119182,119182
119607,119607
122327,122327
123596,5291
123631,123631
126941,126941
132496,132496
132971,132971
134780,134780
135411,135411
148121,148121
148124,148124
148198,148198
151289,151289
156414,156414
156422,156422
159324,159324
176870,176870
176871,176870
208908,208908
216239,216239
216326,216326
216345,216345
216468,216468
219104,219104
227681,227681
241158,241158
246676,246676
249332,5978
252682,252682
259331,259331
262093,262093
285033,285033
322968,322968
327653,327653
374536,374536
375860,375860
387447,387447
400769,400769
406563,216239
409805,409805
421610,421610
426756,2568
439501,439501
439693,439693
441298,441298
443939,31703
444795,444795
445091,445091
445455,445455
445643,445643
446155,446155
448949,448949
449171,449171
451668,451668
452548,452548
454216,454216
457193,457193
460612,460612
462382,462382
568763,568763
613000,613000
613753,613753
637858,637858
638278,638278
644241,644241
650361,650361
654092,654092
656346,656346
657180,657181
657237,657237
667490,667490
675434,675434
676352,676352
702558,702558
753704,753704
969516,969516
984333,984333
1239801,1239801
1242560,1242560
1285940,1285940
1317464,1317464
1323703,1323703
1474550,1474550
1566236,1566236
1641662,1641662
1714884,1714884
1716436,1716436
1750826,1750826
2113511,2113511
2130404,2130404
2723601,2723601
2729026,2729027
2733487,2733487
2733525,
2733526,2733526
2742550,2742550
2828334,2828334
2841722,2841722
2842253,2842253
2858523,2858523
2871966,2871966
2874250,2874250
2945648,2945648
2946601,2946601
2949965,2949965
3005573,3005573
3011155,3011155
3025944,3025944
3025986,3025986
3038522,3038522
3062316,3062316
3081361,3081361
3099980,3099980
3101542,3101542
3136844,3136844
3384730,3384730
3465537,3465537
3476986,3476986
3543504,3543504
3552672,3552672
3634881,3634881
3676137,3676137
3689413,3689413
3815108,3815108
3825829,3825829
3854666,3854666
4096211,4096211
4259181,4259181
4369359,4369359
4378219,4378219
4521392,4521392
5113032,5113032
5278396,5278396
5280436,5280436
5281321,5281321
5281672,5281672
5282054,5282054
5284329,5284329
5284373,5284373
5284616,5284616
5287620,5287620
5287969,5287969
5311037,5311037
5311128,5311128
5311281,5311281
5328940,5328940
5329102,5329102
5335621,5335621
5351362,5351363
5352062,5352062
5360373,5360373
5388983,13342
5460769,5460769
5470400,5470400
5479543,5479543
5494449,5494449
5702198,
5702613,5702613
5738263,5738263
5951923,5951923
6184667,6184667
6436223,6436223
6438330,6438330
6438394,6438394
6442177,6442177
6445540,6445540
6450551,6450551
6456015,5329102
6505803,6505803
6610216,6610216
6610355,6610355
6623618,6623618
6852167,6852167
6914657,6914657
6917907,6917907
6918011,6918011
6918289,6918289
6918328,6918328
6918638,6918638
6918736,6918736
6918837,6918837
6918878,6918878
7251185,7251185
7326481,7326481
9549297,9549297
9803433,9803433
9821849,9821849
9823820,9823820
9825149,9825149
9826308,9826308
9840324,9840324
9843750,9843750
9854073,9854073
9866186,9866186
9868037,9868037
9877608,9877608
9884685,9884685
9887053,
9903786,9903786
9907093,9907093
9908783,9908783
9911463,9911463
9911830,9911830
9915743,9915743
9926054,9813758
9927531,9927531
9929138,4817
9933475,9933475
9935249,9935249
9936388,9936388
9952709,9952709
9956119,9956119
9967941,9967941
10026128,10026128
10074640,10074640
10077130,10077130
10090485,10090485
10113978,10113978
10127622,10127622
10172275,10172275
10184653,10184653
10231331,10231331
10296883,10296883
10302451,10302451
10322450,10322450
10385095,10385095
10410894,10410894
10427712,10427712
11152667,11152667
11167602,11167602
11175137,11175137
11178236,10126189
11213558,11213558
11214940,11214940
11222830,11222830
11228183,11228183
11234052,11234052
11238147,11238147
11257553,11257553
11317348,11317348
11364421,11364421
11396600,11396600
11404337,11404337
11427553,11427553
11455910,11455910
11485656,11485656
11494412,11494412
11497983,11497983
11507802,11507802
11525740,10113978
11556711,11556711
11557040,208908
11607738,5311497
11609586,11609586
11612883,11612883
11625818,11625818
11626560,11626560
11626927,11626927
11640390,11640390
11647372,11647372
11656518,11656518
11657048,11657048
11683005,11683005
11707110,11707110
11717001,11717001
11719255,11719255
11955716,11955716
11960529,11960529
11964036,11964036
11977753,11977753
12001922,12001922
12003241,12003241
15547703,15547703
15951529,15951529
15953870,15953870
15983966,15983966
16013152,16013152
16038120,16038120
16065773,16065773
16115403,16115403
16131215,16131215
16136245,16136245
16219061,16219061
16659841,16659841
16720766,16720766
16722836,16722836
16725315,16725315
16736978,16736978
16741245,16741245
17755052,17755052
17755248,11354606
17759555,17759555
19582717,19582717
20959075,20959075
23582824,23582824
23635314,23635314
23725625,23725625
24180125,24180125
24180719,24180719
24748573,24748573
24753719,24753719
24771867,24771867
24772860,24772860
24775005,24775005
24776445,24776445
24779724,24779724
24785538,24785538
24797083,24797083
24821094,24821094
24856436,24856436
24889392,24889392
24901704,24901704
24951314,24951314
24964624,24964624
24978538,24978538
25022340,25022340
25062766,25062766
25074470,25074470
25102847,25102847
25105715,25105715
25126798,25126798
25127112,25126798
25150857,25150857
25154868,25154868
25161177,25161177
25183872,25183872
25195348,25195348
25227462,25227462
25262965,25262965
40482356,40482356
42611257,42611257
42642645,42642645
44137675,44137675
44185566,44185566
44197249,44197249
44202524,44202524
44237094,44237094
44241473,44241473
44462760,44462760
44484440,44484440
44484893,44484893
44486093,44486093
44486219,44486219
44487061,44487061
44487330,44487330
44487872,44487872
44489127,44489127
44489367,44489367
44489675,44489675
44490293,44490293
44491742,44491742
44492757,44492757
44493528,44493528
44493952,44493952
44494015,44494015
44494148,44494148
44495899,44495899
44498493,44498493
44505237,44505237
44507138,44507138
44543605,44543605
44566777,44566777
44589607,44589607
44607530,44607530
44607531,44607531
44620216,44620216
44632017,44632017
44819697,44819697
45100309,45100309
45100481,45100481
45279963,45279963
46174525,46174525
46191454,46191454
46199207,46199207
46215462,46215462
46224516,46224516
46398810,46398810
46843906,46843906
46901937,46901937
46907787,46907787
46908927,24826799
46926350,46926350
46943432,46943432
49766530,49766530
49793307,49793307
49836020,49836020
49846579,49846579
49850262,49850262
49867926,49867926
49867930,49867930
50905018,50905018
51037431,51037431
51039095,51039095
52912189,52912189
52947716,52947716
53245473,53245473
53301938,53301938
53325874,53325874
53392493,53392493
53393127,53393127
53481919,25105704
53495165,53495165
54143018,54143018
54596490,54596490
54596558,54596558
54613361,54613361
54618164,54618164
54618305,54618305
54618359,54618359
54618771,54618771
54618795,54618795
54619238,54619238
54619267,54619267
54626689,54626689
54638372,54638372
54639024,54639024
54639126,54639126
54639665,54639665
54639701,54639701
54649381,54649381
54649500,54649500
54678924,54678924
54686904,54686904
54765302,54765302
56646779,56646779
56649450,56649450
56946209,56946209
56949517,56949517
56963564,56963564
56973724,56973724
57330099,57330099
57379345,57379345
57519531,57519531
60168763,60168763
66577038,66577038
66890843,66890843
67156097,67156097
67291369,67291369
68056272,68056272
70680404,70680404
71304818,71304818
71306834,73665
71466380,71466380
71466445,71466445
71466578,71466578
71576739,71576739
71680916,71680916
71729975,71729975
71751553,53472153
72193861,72193861
72193870,72193870
72199289,72199289
72199292,72199292
72734382,72734382
73707371,73707371
73707386,73707386
73707398,73707398
73707438,73707438
73707440,73707440
76446078,76446078
89183176,89183176
89928392,89928392
124202324,124202324
135398516,135398516
135398738,135398738
135398744,135398744
135403648,135403648
135413520,135410875
135421197,135421197
135423438,135423438
135440466,135440466
135659046,135659046
135875424,135875424
135928012,135928012
135984461,135984461
135999136,135999136
136227331,136227331
136227924,135403620
168312962,168312962
168313016,168313016
168313047,168313047
168313200,
168313307,168313307
171352865,171352865
