fold,rep,n_train_lines,n_fit_lines,n_label_lines,n_stop_lines,n_val_lines,val_lines,best_epoch,best_val_obj,budget,model,alpha,loss,seed
1,X_pca,124,105,25,19,29,"['BT549_BREAST', 'CAS1_CENTRAL_NERVOUS_SYSTEM', 'HEC6_ENDOMETRIUM', 'HT55_LARGE_INTESTINE', 'KMRC3_KIDNEY', 'MCF7_BREAST', 'MDAMB361_BREAST', 'MKN45_STOMACH', 'MSTO211H_PLEURA', 'NCIH2110_LUNG', 'NCIH226_LUNG', 'NCIH358_LUNG', 'OVCAR4_OVARY', 'PC3_PROSTATE', 'PECAPJ49_UPPER_AERODIGESTIVE_TRACT', 'RD_SOFT_TISSUE', 'SKMEL2_SKIN', 'SKMEL30_SKIN', 'SNU1079_BILIARY_TRACT', 'SNU1214_UPPER_AERODIGESTIVE_TRACT', 'SNU308_BILIARY_TRACT', 'SNU738_CENTRAL_NERVOUS_SYSTEM', 'SU8686_PANCREAS', 'SW1271_LUNG', 'T47D_BREAST', 'TE14_OESOPHAGUS', 'UACC257_SKIN', 'UMUC1_URINARY_TRACT', 'ZR751_BREAST']",20,0.016280484950759913,25,mlp,0.0,mse,42
2,X_pca,122,103,25,19,31,"['ACCMESO1_PLEURA', 'COLO792_SKIN', 'DETROIT562_UPPER_AERODIGESTIVE_TRACT', 'EKVX_LUNG', 'GOS3_CENTRAL_NERVOUS_SYSTEM', 'HEP3B217_LIVER', 'HMC18_BREAST', 'HUH28_BILIARY_TRACT', 'IGR37_SKIN', 'KALS1_CENTRAL_NERVOUS_SYSTEM', 'KYSE520_OESOPHAGUS', 'LMSU_STOMACH', 'LNCAPCLONEFGC_PROSTATE', 'MFE319_ENDOMETRIUM', 'NCIH1299_LUNG', 'NCIH1944_LUNG', 'NCIH522_LUNG', 'ONCODG1_OVARY', 'OVSAHO_OVARY', 'OVTOKO_OVARY', 'PATU8988S_PANCREAS', 'SCC25_UPPER_AERODIGESTIVE_TRACT', 'SCC9_UPPER_AERODIGESTIVE_TRACT', 'SKES1_BONE', 'SKNAS_AUTONOMIC_GANGLIA', 'SNU899_UPPER_AERODIGESTIVE_TRACT', 'TE6_OESOPHAGUS', 'TE9_OESOPHAGUS', 'TM31_CENTRAL_NERVOUS_SYSTEM', 'TOV112D_OVARY', 'VMRCRCZ_KIDNEY']",22,0.020866079238486292,25,mlp,0.0,mse,42
3,X_pca,122,103,25,19,31,"['A375_SKIN', 'BHY_UPPER_AERODIGESTIVE_TRACT', 'BICR31_UPPER_AERODIGESTIVE_TRACT', 'BICR56_UPPER_AERODIGESTIVE_TRACT', 'CALU6_LUNG', 'CAMA1_BREAST', 'COLO741_SKIN', 'EBC1_LUNG', 'FTC133_THYROID', 'HCC56_LARGE_INTESTINE', 'HDQP1_BREAST', 'HEC251_ENDOMETRIUM', 'HS852T_SKIN', 'JHH6_LIVER', 'KPL1_BREAST', 'LS180_LARGE_INTESTINE', 'NCIH1373_LUNG', 'NCIH1435_LUNG', 'NCIH2228_LUNG', 'NCIH2444_LUNG', 'NCIH2452_PLEURA', 'NCIH292_LUNG', 'NCIH446_LUNG', 'NCIH460_LUNG', 'OSRC2_KIDNEY', 'PANC0203_PANCREAS', 'RCM1_LARGE_INTESTINE', 'SNU449_LIVER', 'SQ1_LUNG', 'SW579_THYROID', 'TCCSUP_URINARY_TRACT']",15,0.019021591635604698,25,mlp,0.0,mse,42
4,X_pca,122,103,25,19,31,"['42MGBA_CENTRAL_NERVOUS_SYSTEM', '8305C_THYROID', 'A204_SOFT_TISSUE', 'ASPC1_PANCREAS', 'BCPAP_THYROID', 'BT474_BREAST', 'CAKI2_KIDNEY', 'COV434_OVARY', 'EFE184_ENDOMETRIUM', 'HEC151_ENDOMETRIUM', 'HOS_BONE', 'HT1197_URINARY_TRACT', 'HUH6_LIVER', 'IALM_LUNG', 'IM95_STOMACH', 'KNS42_CENTRAL_NERVOUS_SYSTEM', 'LI7_LIVER', 'LS1034_LARGE_INTESTINE', 'NCIH1792_LUNG', 'NCIH2126_LUNG', 'NCIH2170_LUNG', 'PK45H_PANCREAS', 'RVH421_SKIN', 'SKMEL5_SKIN', 'SNU423_LIVER', 'SNU46_UPPER_AERODIGESTIVE_TRACT', 'SW1088_CENTRAL_NERVOUS_SYSTEM', 'TE10_OESOPHAGUS', 'TE1_OESOPHAGUS', 'VMCUB1_URINARY_TRACT', 'YD38_UPPER_AERODIGESTIVE_TRACT']",20,0.019683844069940226,25,mlp,0.0,mse,42
5,X_pca,122,103,25,19,31,"['A2058_SKIN', 'BFTC909_KIDNEY', 'BICR16_UPPER_AERODIGESTIVE_TRACT', 'BICR6_UPPER_AERODIGESTIVE_TRACT', 'CCFSTTG1_CENTRAL_NERVOUS_SYSTEM', 'DKMG_CENTRAL_NERVOUS_SYSTEM', 'EFM192A_BREAST', 'HCC1428_BREAST', 'HCC366_LUNG', 'HCC38_BREAST', 'HT1080_SOFT_TISSUE', 'HUPT3_PANCREAS', 'HUPT4_PANCREAS', 'IGR1_SKIN', 'JHOC5_OVARY', 'KPNSI9S_AUTONOMIC_GANGLIA', 'MKN7_STOMACH', 'NCIH2087_LUNG', 'NCIH650_LUNG', 'NCIH747_LARGE_INTESTINE', 'OAW28_OVARY', 'OUMS23_LARGE_INTESTINE', 'OVK18_OVARY', 'PK59_PANCREAS', 'RCC10RGB_KIDNEY', 'RERFLCAD1_LUNG', 'RERFLCAI_LUNG', 'RT4_URINARY_TRACT', 'SH10TC_STOMACH', 'SNUC4_LARGE_INTESTINE', 'SW1990_PANCREAS']",8,0.02874038731014484,25,mlp,0.0,mse,42
1,X_pca,124,105,25,19,29,"['BT549_BREAST', 'CAS1_CENTRAL_NERVOUS_SYSTEM', 'HEC6_ENDOMETRIUM', 'HT55_LARGE_INTESTINE', 'KMRC3_KIDNEY', 'MCF7_BREAST', 'MDAMB361_BREAST', 'MKN45_STOMACH', 'MSTO211H_PLEURA', 'NCIH2110_LUNG', 'NCIH226_LUNG', 'NCIH358_LUNG', 'OVCAR4_OVARY', 'PC3_PROSTATE', 'PECAPJ49_UPPER_AERODIGESTIVE_TRACT', 'RD_SOFT_TISSUE', 'SKMEL2_SKIN', 'SKMEL30_SKIN', 'SNU1079_BILIARY_TRACT', 'SNU1214_UPPER_AERODIGESTIVE_TRACT', 'SNU308_BILIARY_TRACT', 'SNU738_CENTRAL_NERVOUS_SYSTEM', 'SU8686_PANCREAS', 'SW1271_LUNG', 'T47D_BREAST', 'TE14_OESOPHAGUS', 'UACC257_SKIN', 'UMUC1_URINARY_TRACT', 'ZR751_BREAST']",21,0.01781637082557685,25,mlp,0.0,mse,43
2,X_pca,122,103,25,19,31,"['ACCMESO1_PLEURA', 'COLO792_SKIN', 'DETROIT562_UPPER_AERODIGESTIVE_TRACT', 'EKVX_LUNG', 'GOS3_CENTRAL_NERVOUS_SYSTEM', 'HEP3B217_LIVER', 'HMC18_BREAST', 'HUH28_BILIARY_TRACT', 'IGR37_SKIN', 'KALS1_CENTRAL_NERVOUS_SYSTEM', 'KYSE520_OESOPHAGUS', 'LMSU_STOMACH', 'LNCAPCLONEFGC_PROSTATE', 'MFE319_ENDOMETRIUM', 'NCIH1299_LUNG', 'NCIH1944_LUNG', 'NCIH522_LUNG', 'ONCODG1_OVARY', 'OVSAHO_OVARY', 'OVTOKO_OVARY', 'PATU8988S_PANCREAS', 'SCC25_UPPER_AERODIGESTIVE_TRACT', 'SCC9_UPPER_AERODIGESTIVE_TRACT', 'SKES1_BONE', 'SKNAS_AUTONOMIC_GANGLIA', 'SNU899_UPPER_AERODIGESTIVE_TRACT', 'TE6_OESOPHAGUS', 'TE9_OESOPHAGUS', 'TM31_CENTRAL_NERVOUS_SYSTEM', 'TOV112D_OVARY', 'VMRCRCZ_KIDNEY']",25,0.020666318183533868,25,mlp,0.0,mse,43
3,X_pca,122,103,25,19,31,"['A375_SKIN', 'BHY_UPPER_AERODIGESTIVE_TRACT', 'BICR31_UPPER_AERODIGESTIVE_TRACT', 'BICR56_UPPER_AERODIGESTIVE_TRACT', 'CALU6_LUNG', 'CAMA1_BREAST', 'COLO741_SKIN', 'EBC1_LUNG', 'FTC133_THYROID', 'HCC56_LARGE_INTESTINE', 'HDQP1_BREAST', 'HEC251_ENDOMETRIUM', 'HS852T_SKIN', 'JHH6_LIVER', 'KPL1_BREAST', 'LS180_LARGE_INTESTINE', 'NCIH1373_LUNG', 'NCIH1435_LUNG', 'NCIH2228_LUNG', 'NCIH2444_LUNG', 'NCIH2452_PLEURA', 'NCIH292_LUNG', 'NCIH446_LUNG', 'NCIH460_LUNG', 'OSRC2_KIDNEY', 'PANC0203_PANCREAS', 'RCM1_LARGE_INTESTINE', 'SNU449_LIVER', 'SQ1_LUNG', 'SW579_THYROID', 'TCCSUP_URINARY_TRACT']",20,0.015420432843383772,25,mlp,0.0,mse,43
4,X_pca,122,103,25,19,31,"['42MGBA_CENTRAL_NERVOUS_SYSTEM', '8305C_THYROID', 'A204_SOFT_TISSUE', 'ASPC1_PANCREAS', 'BCPAP_THYROID', 'BT474_BREAST', 'CAKI2_KIDNEY', 'COV434_OVARY', 'EFE184_ENDOMETRIUM', 'HEC151_ENDOMETRIUM', 'HOS_BONE', 'HT1197_URINARY_TRACT', 'HUH6_LIVER', 'IALM_LUNG', 'IM95_STOMACH', 'KNS42_CENTRAL_NERVOUS_SYSTEM', 'LI7_LIVER', 'LS1034_LARGE_INTESTINE', 'NCIH1792_LUNG', 'NCIH2126_LUNG', 'NCIH2170_LUNG', 'PK45H_PANCREAS', 'RVH421_SKIN', 'SKMEL5_SKIN', 'SNU423_LIVER', 'SNU46_UPPER_AERODIGESTIVE_TRACT', 'SW1088_CENTRAL_NERVOUS_SYSTEM', 'TE10_OESOPHAGUS', 'TE1_OESOPHAGUS', 'VMCUB1_URINARY_TRACT', 'YD38_UPPER_AERODIGESTIVE_TRACT']",13,0.02166911945151369,25,mlp,0.0,mse,43
5,X_pca,122,103,25,19,31,"['A2058_SKIN', 'BFTC909_KIDNEY', 'BICR16_UPPER_AERODIGESTIVE_TRACT', 'BICR6_UPPER_AERODIGESTIVE_TRACT', 'CCFSTTG1_CENTRAL_NERVOUS_SYSTEM', 'DKMG_CENTRAL_NERVOUS_SYSTEM', 'EFM192A_BREAST', 'HCC1428_BREAST', 'HCC366_LUNG', 'HCC38_BREAST', 'HT1080_SOFT_TISSUE', 'HUPT3_PANCREAS', 'HUPT4_PANCREAS', 'IGR1_SKIN', 'JHOC5_OVARY', 'KPNSI9S_AUTONOMIC_GANGLIA', 'MKN7_STOMACH', 'NCIH2087_LUNG', 'NCIH650_LUNG', 'NCIH747_LARGE_INTESTINE', 'OAW28_OVARY', 'OUMS23_LARGE_INTESTINE', 'OVK18_OVARY', 'PK59_PANCREAS', 'RCC10RGB_KIDNEY', 'RERFLCAD1_LUNG', 'RERFLCAI_LUNG', 'RT4_URINARY_TRACT', 'SH10TC_STOMACH', 'SNUC4_LARGE_INTESTINE', 'SW1990_PANCREAS']",25,0.02462847300066835,25,mlp,0.0,mse,43
1,X_pca,124,105,25,19,29,"['BT549_BREAST', 'CAS1_CENTRAL_NERVOUS_SYSTEM', 'HEC6_ENDOMETRIUM', 'HT55_LARGE_INTESTINE', 'KMRC3_KIDNEY', 'MCF7_BREAST', 'MDAMB361_BREAST', 'MKN45_STOMACH', 'MSTO211H_PLEURA', 'NCIH2110_LUNG', 'NCIH226_LUNG', 'NCIH358_LUNG', 'OVCAR4_OVARY', 'PC3_PROSTATE', 'PECAPJ49_UPPER_AERODIGESTIVE_TRACT', 'RD_SOFT_TISSUE', 'SKMEL2_SKIN', 'SKMEL30_SKIN', 'SNU1079_BILIARY_TRACT', 'SNU1214_UPPER_AERODIGESTIVE_TRACT', 'SNU308_BILIARY_TRACT', 'SNU738_CENTRAL_NERVOUS_SYSTEM', 'SU8686_PANCREAS', 'SW1271_LUNG', 'T47D_BREAST', 'TE14_OESOPHAGUS', 'UACC257_SKIN', 'UMUC1_URINARY_TRACT', 'ZR751_BREAST']",18,0.014898389018831804,25,mlp,0.0,mse,44
2,X_pca,122,103,25,19,31,"['ACCMESO1_PLEURA', 'COLO792_SKIN', 'DETROIT562_UPPER_AERODIGESTIVE_TRACT', 'EKVX_LUNG', 'GOS3_CENTRAL_NERVOUS_SYSTEM', 'HEP3B217_LIVER', 'HMC18_BREAST', 'HUH28_BILIARY_TRACT', 'IGR37_SKIN', 'KALS1_CENTRAL_NERVOUS_SYSTEM', 'KYSE520_OESOPHAGUS', 'LMSU_STOMACH', 'LNCAPCLONEFGC_PROSTATE', 'MFE319_ENDOMETRIUM', 'NCIH1299_LUNG', 'NCIH1944_LUNG', 'NCIH522_LUNG', 'ONCODG1_OVARY', 'OVSAHO_OVARY', 'OVTOKO_OVARY', 'PATU8988S_PANCREAS', 'SCC25_UPPER_AERODIGESTIVE_TRACT', 'SCC9_UPPER_AERODIGESTIVE_TRACT', 'SKES1_BONE', 'SKNAS_AUTONOMIC_GANGLIA', 'SNU899_UPPER_AERODIGESTIVE_TRACT', 'TE6_OESOPHAGUS', 'TE9_OESOPHAGUS', 'TM31_CENTRAL_NERVOUS_SYSTEM', 'TOV112D_OVARY', 'VMRCRCZ_KIDNEY']",11,0.016147903995692627,25,mlp,0.0,mse,44
3,X_pca,122,103,25,19,31,"['A375_SKIN', 'BHY_UPPER_AERODIGESTIVE_TRACT', 'BICR31_UPPER_AERODIGESTIVE_TRACT', 'BICR56_UPPER_AERODIGESTIVE_TRACT', 'CALU6_LUNG', 'CAMA1_BREAST', 'COLO741_SKIN', 'EBC1_LUNG', 'FTC133_THYROID', 'HCC56_LARGE_INTESTINE', 'HDQP1_BREAST', 'HEC251_ENDOMETRIUM', 'HS852T_SKIN', 'JHH6_LIVER', 'KPL1_BREAST', 'LS180_LARGE_INTESTINE', 'NCIH1373_LUNG', 'NCIH1435_LUNG', 'NCIH2228_LUNG', 'NCIH2444_LUNG', 'NCIH2452_PLEURA', 'NCIH292_LUNG', 'NCIH446_LUNG', 'NCIH460_LUNG', 'OSRC2_KIDNEY', 'PANC0203_PANCREAS', 'RCM1_LARGE_INTESTINE', 'SNU449_LIVER', 'SQ1_LUNG', 'SW579_THYROID', 'TCCSUP_URINARY_TRACT']",2,0.018725315077983647,25,mlp,0.0,mse,44
4,X_pca,122,103,25,19,31,"['42MGBA_CENTRAL_NERVOUS_SYSTEM', '8305C_THYROID', 'A204_SOFT_TISSUE', 'ASPC1_PANCREAS', 'BCPAP_THYROID', 'BT474_BREAST', 'CAKI2_KIDNEY', 'COV434_OVARY', 'EFE184_ENDOMETRIUM', 'HEC151_ENDOMETRIUM', 'HOS_BONE', 'HT1197_URINARY_TRACT', 'HUH6_LIVER', 'IALM_LUNG', 'IM95_STOMACH', 'KNS42_CENTRAL_NERVOUS_SYSTEM', 'LI7_LIVER', 'LS1034_LARGE_INTESTINE', 'NCIH1792_LUNG', 'NCIH2126_LUNG', 'NCIH2170_LUNG', 'PK45H_PANCREAS', 'RVH421_SKIN', 'SKMEL5_SKIN', 'SNU423_LIVER', 'SNU46_UPPER_AERODIGESTIVE_TRACT', 'SW1088_CENTRAL_NERVOUS_SYSTEM', 'TE10_OESOPHAGUS', 'TE1_OESOPHAGUS', 'VMCUB1_URINARY_TRACT', 'YD38_UPPER_AERODIGESTIVE_TRACT']",13,0.02133271406039194,25,mlp,0.0,mse,44
5,X_pca,122,103,25,19,31,"['A2058_SKIN', 'BFTC909_KIDNEY', 'BICR16_UPPER_AERODIGESTIVE_TRACT', 'BICR6_UPPER_AERODIGESTIVE_TRACT', 'CCFSTTG1_CENTRAL_NERVOUS_SYSTEM', 'DKMG_CENTRAL_NERVOUS_SYSTEM', 'EFM192A_BREAST', 'HCC1428_BREAST', 'HCC366_LUNG', 'HCC38_BREAST', 'HT1080_SOFT_TISSUE', 'HUPT3_PANCREAS', 'HUPT4_PANCREAS', 'IGR1_SKIN', 'JHOC5_OVARY', 'KPNSI9S_AUTONOMIC_GANGLIA', 'MKN7_STOMACH', 'NCIH2087_LUNG', 'NCIH650_LUNG', 'NCIH747_LARGE_INTESTINE', 'OAW28_OVARY', 'OUMS23_LARGE_INTESTINE', 'OVK18_OVARY', 'PK59_PANCREAS', 'RCC10RGB_KIDNEY', 'RERFLCAD1_LUNG', 'RERFLCAI_LUNG', 'RT4_URINARY_TRACT', 'SH10TC_STOMACH', 'SNUC4_LARGE_INTESTINE', 'SW1990_PANCREAS']",19,0.0257162078641453,25,mlp,0.0,mse,44
1,X_scGPT,124,105,25,19,29,"['BT549_BREAST', 'CAS1_CENTRAL_NERVOUS_SYSTEM', 'HEC6_ENDOMETRIUM', 'HT55_LARGE_INTESTINE', 'KMRC3_KIDNEY', 'MCF7_BREAST', 'MDAMB361_BREAST', 'MKN45_STOMACH', 'MSTO211H_PLEURA', 'NCIH2110_LUNG', 'NCIH226_LUNG', 'NCIH358_LUNG', 'OVCAR4_OVARY', 'PC3_PROSTATE', 'PECAPJ49_UPPER_AERODIGESTIVE_TRACT', 'RD_SOFT_TISSUE', 'SKMEL2_SKIN', 'SKMEL30_SKIN', 'SNU1079_BILIARY_TRACT', 'SNU1214_UPPER_AERODIGESTIVE_TRACT', 'SNU308_BILIARY_TRACT', 'SNU738_CENTRAL_NERVOUS_SYSTEM', 'SU8686_PANCREAS', 'SW1271_LUNG', 'T47D_BREAST', 'TE14_OESOPHAGUS', 'UACC257_SKIN', 'UMUC1_URINARY_TRACT', 'ZR751_BREAST']",1,0.015833834607187767,25,mlp,0.0,mse,42
2,X_scGPT,122,103,25,19,31,"['ACCMESO1_PLEURA', 'COLO792_SKIN', 'DETROIT562_UPPER_AERODIGESTIVE_TRACT', 'EKVX_LUNG', 'GOS3_CENTRAL_NERVOUS_SYSTEM', 'HEP3B217_LIVER', 'HMC18_BREAST', 'HUH28_BILIARY_TRACT', 'IGR37_SKIN', 'KALS1_CENTRAL_NERVOUS_SYSTEM', 'KYSE520_OESOPHAGUS', 'LMSU_STOMACH', 'LNCAPCLONEFGC_PROSTATE', 'MFE319_ENDOMETRIUM', 'NCIH1299_LUNG', 'NCIH1944_LUNG', 'NCIH522_LUNG', 'ONCODG1_OVARY', 'OVSAHO_OVARY', 'OVTOKO_OVARY', 'PATU8988S_PANCREAS', 'SCC25_UPPER_AERODIGESTIVE_TRACT', 'SCC9_UPPER_AERODIGESTIVE_TRACT', 'SKES1_BONE', 'SKNAS_AUTONOMIC_GANGLIA', 'SNU899_UPPER_AERODIGESTIVE_TRACT', 'TE6_OESOPHAGUS', 'TE9_OESOPHAGUS', 'TM31_CENTRAL_NERVOUS_SYSTEM', 'TOV112D_OVARY', 'VMRCRCZ_KIDNEY']",1,0.020252614701010016,25,mlp,0.0,mse,42
3,X_scGPT,122,103,25,19,31,"['A375_SKIN', 'BHY_UPPER_AERODIGESTIVE_TRACT', 'BICR31_UPPER_AERODIGESTIVE_TRACT', 'BICR56_UPPER_AERODIGESTIVE_TRACT', 'CALU6_LUNG', 'CAMA1_BREAST', 'COLO741_SKIN', 'EBC1_LUNG', 'FTC133_THYROID', 'HCC56_LARGE_INTESTINE', 'HDQP1_BREAST', 'HEC251_ENDOMETRIUM', 'HS852T_SKIN', 'JHH6_LIVER', 'KPL1_BREAST', 'LS180_LARGE_INTESTINE', 'NCIH1373_LUNG', 'NCIH1435_LUNG', 'NCIH2228_LUNG', 'NCIH2444_LUNG', 'NCIH2452_PLEURA', 'NCIH292_LUNG', 'NCIH446_LUNG', 'NCIH460_LUNG', 'OSRC2_KIDNEY', 'PANC0203_PANCREAS', 'RCM1_LARGE_INTESTINE', 'SNU449_LIVER', 'SQ1_LUNG', 'SW579_THYROID', 'TCCSUP_URINARY_TRACT']",10,0.019039802057831328,25,mlp,0.0,mse,42
4,X_scGPT,122,103,25,19,31,"['42MGBA_CENTRAL_NERVOUS_SYSTEM', '8305C_THYROID', 'A204_SOFT_TISSUE', 'ASPC1_PANCREAS', 'BCPAP_THYROID', 'BT474_BREAST', 'CAKI2_KIDNEY', 'COV434_OVARY', 'EFE184_ENDOMETRIUM', 'HEC151_ENDOMETRIUM', 'HOS_BONE', 'HT1197_URINARY_TRACT', 'HUH6_LIVER', 'IALM_LUNG', 'IM95_STOMACH', 'KNS42_CENTRAL_NERVOUS_SYSTEM', 'LI7_LIVER', 'LS1034_LARGE_INTESTINE', 'NCIH1792_LUNG', 'NCIH2126_LUNG', 'NCIH2170_LUNG', 'PK45H_PANCREAS', 'RVH421_SKIN', 'SKMEL5_SKIN', 'SNU423_LIVER', 'SNU46_UPPER_AERODIGESTIVE_TRACT', 'SW1088_CENTRAL_NERVOUS_SYSTEM', 'TE10_OESOPHAGUS', 'TE1_OESOPHAGUS', 'VMCUB1_URINARY_TRACT', 'YD38_UPPER_AERODIGESTIVE_TRACT']",1,0.0201283444954382,25,mlp,0.0,mse,42
5,X_scGPT,122,103,25,19,31,"['A2058_SKIN', 'BFTC909_KIDNEY', 'BICR16_UPPER_AERODIGESTIVE_TRACT', 'BICR6_UPPER_AERODIGESTIVE_TRACT', 'CCFSTTG1_CENTRAL_NERVOUS_SYSTEM', 'DKMG_CENTRAL_NERVOUS_SYSTEM', 'EFM192A_BREAST', 'HCC1428_BREAST', 'HCC366_LUNG', 'HCC38_BREAST', 'HT1080_SOFT_TISSUE', 'HUPT3_PANCREAS', 'HUPT4_PANCREAS', 'IGR1_SKIN', 'JHOC5_OVARY', 'KPNSI9S_AUTONOMIC_GANGLIA', 'MKN7_STOMACH', 'NCIH2087_LUNG', 'NCIH650_LUNG', 'NCIH747_LARGE_INTESTINE', 'OAW28_OVARY', 'OUMS23_LARGE_INTESTINE', 'OVK18_OVARY', 'PK59_PANCREAS', 'RCC10RGB_KIDNEY', 'RERFLCAD1_LUNG', 'RERFLCAI_LUNG', 'RT4_URINARY_TRACT', 'SH10TC_STOMACH', 'SNUC4_LARGE_INTESTINE', 'SW1990_PANCREAS']",1,0.03421734357267057,25,mlp,0.0,mse,42
1,X_scGPT,124,105,25,19,29,"['BT549_BREAST', 'CAS1_CENTRAL_NERVOUS_SYSTEM', 'HEC6_ENDOMETRIUM', 'HT55_LARGE_INTESTINE', 'KMRC3_KIDNEY', 'MCF7_BREAST', 'MDAMB361_BREAST', 'MKN45_STOMACH', 'MSTO211H_PLEURA', 'NCIH2110_LUNG', 'NCIH226_LUNG', 'NCIH358_LUNG', 'OVCAR4_OVARY', 'PC3_PROSTATE', 'PECAPJ49_UPPER_AERODIGESTIVE_TRACT', 'RD_SOFT_TISSUE', 'SKMEL2_SKIN', 'SKMEL30_SKIN', 'SNU1079_BILIARY_TRACT', 'SNU1214_UPPER_AERODIGESTIVE_TRACT', 'SNU308_BILIARY_TRACT', 'SNU738_CENTRAL_NERVOUS_SYSTEM', 'SU8686_PANCREAS', 'SW1271_LUNG', 'T47D_BREAST', 'TE14_OESOPHAGUS', 'UACC257_SKIN', 'UMUC1_URINARY_TRACT', 'ZR751_BREAST']",1,0.017711050900961343,25,mlp,0.0,mse,43
2,X_scGPT,122,103,25,19,31,"['ACCMESO1_PLEURA', 'COLO792_SKIN', 'DETROIT562_UPPER_AERODIGESTIVE_TRACT', 'EKVX_LUNG', 'GOS3_CENTRAL_NERVOUS_SYSTEM', 'HEP3B217_LIVER', 'HMC18_BREAST', 'HUH28_BILIARY_TRACT', 'IGR37_SKIN', 'KALS1_CENTRAL_NERVOUS_SYSTEM', 'KYSE520_OESOPHAGUS', 'LMSU_STOMACH', 'LNCAPCLONEFGC_PROSTATE', 'MFE319_ENDOMETRIUM', 'NCIH1299_LUNG', 'NCIH1944_LUNG', 'NCIH522_LUNG', 'ONCODG1_OVARY', 'OVSAHO_OVARY', 'OVTOKO_OVARY', 'PATU8988S_PANCREAS', 'SCC25_UPPER_AERODIGESTIVE_TRACT', 'SCC9_UPPER_AERODIGESTIVE_TRACT', 'SKES1_BONE', 'SKNAS_AUTONOMIC_GANGLIA', 'SNU899_UPPER_AERODIGESTIVE_TRACT', 'TE6_OESOPHAGUS', 'TE9_OESOPHAGUS', 'TM31_CENTRAL_NERVOUS_SYSTEM', 'TOV112D_OVARY', 'VMRCRCZ_KIDNEY']",1,0.020908883105284694,25,mlp,0.0,mse,43
3,X_scGPT,122,103,25,19,31,"['A375_SKIN', 'BHY_UPPER_AERODIGESTIVE_TRACT', 'BICR31_UPPER_AERODIGESTIVE_TRACT', 'BICR56_UPPER_AERODIGESTIVE_TRACT', 'CALU6_LUNG', 'CAMA1_BREAST', 'COLO741_SKIN', 'EBC1_LUNG', 'FTC133_THYROID', 'HCC56_LARGE_INTESTINE', 'HDQP1_BREAST', 'HEC251_ENDOMETRIUM', 'HS852T_SKIN', 'JHH6_LIVER', 'KPL1_BREAST', 'LS180_LARGE_INTESTINE', 'NCIH1373_LUNG', 'NCIH1435_LUNG', 'NCIH2228_LUNG', 'NCIH2444_LUNG', 'NCIH2452_PLEURA', 'NCIH292_LUNG', 'NCIH446_LUNG', 'NCIH460_LUNG', 'OSRC2_KIDNEY', 'PANC0203_PANCREAS', 'RCM1_LARGE_INTESTINE', 'SNU449_LIVER', 'SQ1_LUNG', 'SW579_THYROID', 'TCCSUP_URINARY_TRACT']",1,0.01975784935615931,25,mlp,0.0,mse,43
4,X_scGPT,122,103,25,19,31,"['42MGBA_CENTRAL_NERVOUS_SYSTEM', '8305C_THYROID', 'A204_SOFT_TISSUE', 'ASPC1_PANCREAS', 'BCPAP_THYROID', 'BT474_BREAST', 'CAKI2_KIDNEY', 'COV434_OVARY', 'EFE184_ENDOMETRIUM', 'HEC151_ENDOMETRIUM', 'HOS_BONE', 'HT1197_URINARY_TRACT', 'HUH6_LIVER', 'IALM_LUNG', 'IM95_STOMACH', 'KNS42_CENTRAL_NERVOUS_SYSTEM', 'LI7_LIVER', 'LS1034_LARGE_INTESTINE', 'NCIH1792_LUNG', 'NCIH2126_LUNG', 'NCIH2170_LUNG', 'PK45H_PANCREAS', 'RVH421_SKIN', 'SKMEL5_SKIN', 'SNU423_LIVER', 'SNU46_UPPER_AERODIGESTIVE_TRACT', 'SW1088_CENTRAL_NERVOUS_SYSTEM', 'TE10_OESOPHAGUS', 'TE1_OESOPHAGUS', 'VMCUB1_URINARY_TRACT', 'YD38_UPPER_AERODIGESTIVE_TRACT']",1,0.02302179368787757,25,mlp,0.0,mse,43
5,X_scGPT,122,103,25,19,31,"['A2058_SKIN', 'BFTC909_KIDNEY', 'BICR16_UPPER_AERODIGESTIVE_TRACT', 'BICR6_UPPER_AERODIGESTIVE_TRACT', 'CCFSTTG1_CENTRAL_NERVOUS_SYSTEM', 'DKMG_CENTRAL_NERVOUS_SYSTEM', 'EFM192A_BREAST', 'HCC1428_BREAST', 'HCC366_LUNG', 'HCC38_BREAST', 'HT1080_SOFT_TISSUE', 'HUPT3_PANCREAS', 'HUPT4_PANCREAS', 'IGR1_SKIN', 'JHOC5_OVARY', 'KPNSI9S_AUTONOMIC_GANGLIA', 'MKN7_STOMACH', 'NCIH2087_LUNG', 'NCIH650_LUNG', 'NCIH747_LARGE_INTESTINE', 'OAW28_OVARY', 'OUMS23_LARGE_INTESTINE', 'OVK18_OVARY', 'PK59_PANCREAS', 'RCC10RGB_KIDNEY', 'RERFLCAD1_LUNG', 'RERFLCAI_LUNG', 'RT4_URINARY_TRACT', 'SH10TC_STOMACH', 'SNUC4_LARGE_INTESTINE', 'SW1990_PANCREAS']",1,0.024565367276623246,25,mlp,0.0,mse,43
1,X_scGPT,124,105,25,19,29,"['BT549_BREAST', 'CAS1_CENTRAL_NERVOUS_SYSTEM', 'HEC6_ENDOMETRIUM', 'HT55_LARGE_INTESTINE', 'KMRC3_KIDNEY', 'MCF7_BREAST', 'MDAMB361_BREAST', 'MKN45_STOMACH', 'MSTO211H_PLEURA', 'NCIH2110_LUNG', 'NCIH226_LUNG', 'NCIH358_LUNG', 'OVCAR4_OVARY', 'PC3_PROSTATE', 'PECAPJ49_UPPER_AERODIGESTIVE_TRACT', 'RD_SOFT_TISSUE', 'SKMEL2_SKIN', 'SKMEL30_SKIN', 'SNU1079_BILIARY_TRACT', 'SNU1214_UPPER_AERODIGESTIVE_TRACT', 'SNU308_BILIARY_TRACT', 'SNU738_CENTRAL_NERVOUS_SYSTEM', 'SU8686_PANCREAS', 'SW1271_LUNG', 'T47D_BREAST', 'TE14_OESOPHAGUS', 'UACC257_SKIN', 'UMUC1_URINARY_TRACT', 'ZR751_BREAST']",1,0.015381600836132998,25,mlp,0.0,mse,44
2,X_scGPT,122,103,25,19,31,"['ACCMESO1_PLEURA', 'COLO792_SKIN', 'DETROIT562_UPPER_AERODIGESTIVE_TRACT', 'EKVX_LUNG', 'GOS3_CENTRAL_NERVOUS_SYSTEM', 'HEP3B217_LIVER', 'HMC18_BREAST', 'HUH28_BILIARY_TRACT', 'IGR37_SKIN', 'KALS1_CENTRAL_NERVOUS_SYSTEM', 'KYSE520_OESOPHAGUS', 'LMSU_STOMACH', 'LNCAPCLONEFGC_PROSTATE', 'MFE319_ENDOMETRIUM', 'NCIH1299_LUNG', 'NCIH1944_LUNG', 'NCIH522_LUNG', 'ONCODG1_OVARY', 'OVSAHO_OVARY', 'OVTOKO_OVARY', 'PATU8988S_PANCREAS', 'SCC25_UPPER_AERODIGESTIVE_TRACT', 'SCC9_UPPER_AERODIGESTIVE_TRACT', 'SKES1_BONE', 'SKNAS_AUTONOMIC_GANGLIA', 'SNU899_UPPER_AERODIGESTIVE_TRACT', 'TE6_OESOPHAGUS', 'TE9_OESOPHAGUS', 'TM31_CENTRAL_NERVOUS_SYSTEM', 'TOV112D_OVARY', 'VMRCRCZ_KIDNEY']",1,0.01688871799647011,25,mlp,0.0,mse,44
3,X_scGPT,122,103,25,19,31,"['A375_SKIN', 'BHY_UPPER_AERODIGESTIVE_TRACT', 'BICR31_UPPER_AERODIGESTIVE_TRACT', 'BICR56_UPPER_AERODIGESTIVE_TRACT', 'CALU6_LUNG', 'CAMA1_BREAST', 'COLO741_SKIN', 'EBC1_LUNG', 'FTC133_THYROID', 'HCC56_LARGE_INTESTINE', 'HDQP1_BREAST', 'HEC251_ENDOMETRIUM', 'HS852T_SKIN', 'JHH6_LIVER', 'KPL1_BREAST', 'LS180_LARGE_INTESTINE', 'NCIH1373_LUNG', 'NCIH1435_LUNG', 'NCIH2228_LUNG', 'NCIH2444_LUNG', 'NCIH2452_PLEURA', 'NCIH292_LUNG', 'NCIH446_LUNG', 'NCIH460_LUNG', 'OSRC2_KIDNEY', 'PANC0203_PANCREAS', 'RCM1_LARGE_INTESTINE', 'SNU449_LIVER', 'SQ1_LUNG', 'SW579_THYROID', 'TCCSUP_URINARY_TRACT']",1,0.023681576537088564,25,mlp,0.0,mse,44
4,X_scGPT,122,103,25,19,31,"['42MGBA_CENTRAL_NERVOUS_SYSTEM', '8305C_THYROID', 'A204_SOFT_TISSUE', 'ASPC1_PANCREAS', 'BCPAP_THYROID', 'BT474_BREAST', 'CAKI2_KIDNEY', 'COV434_OVARY', 'EFE184_ENDOMETRIUM', 'HEC151_ENDOMETRIUM', 'HOS_BONE', 'HT1197_URINARY_TRACT', 'HUH6_LIVER', 'IALM_LUNG', 'IM95_STOMACH', 'KNS42_CENTRAL_NERVOUS_SYSTEM', 'LI7_LIVER', 'LS1034_LARGE_INTESTINE', 'NCIH1792_LUNG', 'NCIH2126_LUNG', 'NCIH2170_LUNG', 'PK45H_PANCREAS', 'RVH421_SKIN', 'SKMEL5_SKIN', 'SNU423_LIVER', 'SNU46_UPPER_AERODIGESTIVE_TRACT', 'SW1088_CENTRAL_NERVOUS_SYSTEM', 'TE10_OESOPHAGUS', 'TE1_OESOPHAGUS', 'VMCUB1_URINARY_TRACT', 'YD38_UPPER_AERODIGESTIVE_TRACT']",1,0.021390296107827805,25,mlp,0.0,mse,44
5,X_scGPT,122,103,25,19,31,"['A2058_SKIN', 'BFTC909_KIDNEY', 'BICR16_UPPER_AERODIGESTIVE_TRACT', 'BICR6_UPPER_AERODIGESTIVE_TRACT', 'CCFSTTG1_CENTRAL_NERVOUS_SYSTEM', 'DKMG_CENTRAL_NERVOUS_SYSTEM', 'EFM192A_BREAST', 'HCC1428_BREAST', 'HCC366_LUNG', 'HCC38_BREAST', 'HT1080_SOFT_TISSUE', 'HUPT3_PANCREAS', 'HUPT4_PANCREAS', 'IGR1_SKIN', 'JHOC5_OVARY', 'KPNSI9S_AUTONOMIC_GANGLIA', 'MKN7_STOMACH', 'NCIH2087_LUNG', 'NCIH650_LUNG', 'NCIH747_LARGE_INTESTINE', 'OAW28_OVARY', 'OUMS23_LARGE_INTESTINE', 'OVK18_OVARY', 'PK59_PANCREAS', 'RCC10RGB_KIDNEY', 'RERFLCAD1_LUNG', 'RERFLCAI_LUNG', 'RT4_URINARY_TRACT', 'SH10TC_STOMACH', 'SNUC4_LARGE_INTESTINE', 'SW1990_PANCREAS']",1,0.0284274305091675,25,mlp,0.0,mse,44
1,X_pca,124,105,50,19,29,"['BT549_BREAST', 'CAS1_CENTRAL_NERVOUS_SYSTEM', 'HEC6_ENDOMETRIUM', 'HT55_LARGE_INTESTINE', 'KMRC3_KIDNEY', 'MCF7_BREAST', 'MDAMB361_BREAST', 'MKN45_STOMACH', 'MSTO211H_PLEURA', 'NCIH2110_LUNG', 'NCIH226_LUNG', 'NCIH358_LUNG', 'OVCAR4_OVARY', 'PC3_PROSTATE', 'PECAPJ49_UPPER_AERODIGESTIVE_TRACT', 'RD_SOFT_TISSUE', 'SKMEL2_SKIN', 'SKMEL30_SKIN', 'SNU1079_BILIARY_TRACT', 'SNU1214_UPPER_AERODIGESTIVE_TRACT', 'SNU308_BILIARY_TRACT', 'SNU738_CENTRAL_NERVOUS_SYSTEM', 'SU8686_PANCREAS', 'SW1271_LUNG', 'T47D_BREAST', 'TE14_OESOPHAGUS', 'UACC257_SKIN', 'UMUC1_URINARY_TRACT', 'ZR751_BREAST']",23,0.014747902243006003,50,mlp,0.0,mse,42
2,X_pca,122,103,50,19,31,"['ACCMESO1_PLEURA', 'COLO792_SKIN', 'DETROIT562_UPPER_AERODIGESTIVE_TRACT', 'EKVX_LUNG', 'GOS3_CENTRAL_NERVOUS_SYSTEM', 'HEP3B217_LIVER', 'HMC18_BREAST', 'HUH28_BILIARY_TRACT', 'IGR37_SKIN', 'KALS1_CENTRAL_NERVOUS_SYSTEM', 'KYSE520_OESOPHAGUS', 'LMSU_STOMACH', 'LNCAPCLONEFGC_PROSTATE', 'MFE319_ENDOMETRIUM', 'NCIH1299_LUNG', 'NCIH1944_LUNG', 'NCIH522_LUNG', 'ONCODG1_OVARY', 'OVSAHO_OVARY', 'OVTOKO_OVARY', 'PATU8988S_PANCREAS', 'SCC25_UPPER_AERODIGESTIVE_TRACT', 'SCC9_UPPER_AERODIGESTIVE_TRACT', 'SKES1_BONE', 'SKNAS_AUTONOMIC_GANGLIA', 'SNU899_UPPER_AERODIGESTIVE_TRACT', 'TE6_OESOPHAGUS', 'TE9_OESOPHAGUS', 'TM31_CENTRAL_NERVOUS_SYSTEM', 'TOV112D_OVARY', 'VMRCRCZ_KIDNEY']",23,0.01862113928866432,50,mlp,0.0,mse,42
3,X_pca,122,103,50,19,31,"['A375_SKIN', 'BHY_UPPER_AERODIGESTIVE_TRACT', 'BICR31_UPPER_AERODIGESTIVE_TRACT', 'BICR56_UPPER_AERODIGESTIVE_TRACT', 'CALU6_LUNG', 'CAMA1_BREAST', 'COLO741_SKIN', 'EBC1_LUNG', 'FTC133_THYROID', 'HCC56_LARGE_INTESTINE', 'HDQP1_BREAST', 'HEC251_ENDOMETRIUM', 'HS852T_SKIN', 'JHH6_LIVER', 'KPL1_BREAST', 'LS180_LARGE_INTESTINE', 'NCIH1373_LUNG', 'NCIH1435_LUNG', 'NCIH2228_LUNG', 'NCIH2444_LUNG', 'NCIH2452_PLEURA', 'NCIH292_LUNG', 'NCIH446_LUNG', 'NCIH460_LUNG', 'OSRC2_KIDNEY', 'PANC0203_PANCREAS', 'RCM1_LARGE_INTESTINE', 'SNU449_LIVER', 'SQ1_LUNG', 'SW579_THYROID', 'TCCSUP_URINARY_TRACT']",9,0.01715492208115218,50,mlp,0.0,mse,42
4,X_pca,122,103,50,19,31,"['42MGBA_CENTRAL_NERVOUS_SYSTEM', '8305C_THYROID', 'A204_SOFT_TISSUE', 'ASPC1_PANCREAS', 'BCPAP_THYROID', 'BT474_BREAST', 'CAKI2_KIDNEY', 'COV434_OVARY', 'EFE184_ENDOMETRIUM', 'HEC151_ENDOMETRIUM', 'HOS_BONE', 'HT1197_URINARY_TRACT', 'HUH6_LIVER', 'IALM_LUNG', 'IM95_STOMACH', 'KNS42_CENTRAL_NERVOUS_SYSTEM', 'LI7_LIVER', 'LS1034_LARGE_INTESTINE', 'NCIH1792_LUNG', 'NCIH2126_LUNG', 'NCIH2170_LUNG', 'PK45H_PANCREAS', 'RVH421_SKIN', 'SKMEL5_SKIN', 'SNU423_LIVER', 'SNU46_UPPER_AERODIGESTIVE_TRACT', 'SW1088_CENTRAL_NERVOUS_SYSTEM', 'TE10_OESOPHAGUS', 'TE1_OESOPHAGUS', 'VMCUB1_URINARY_TRACT', 'YD38_UPPER_AERODIGESTIVE_TRACT']",11,0.020173085710903614,50,mlp,0.0,mse,42
5,X_pca,122,103,50,19,31,"['A2058_SKIN', 'BFTC909_KIDNEY', 'BICR16_UPPER_AERODIGESTIVE_TRACT', 'BICR6_UPPER_AERODIGESTIVE_TRACT', 'CCFSTTG1_CENTRAL_NERVOUS_SYSTEM', 'DKMG_CENTRAL_NERVOUS_SYSTEM', 'EFM192A_BREAST', 'HCC1428_BREAST', 'HCC366_LUNG', 'HCC38_BREAST', 'HT1080_SOFT_TISSUE', 'HUPT3_PANCREAS', 'HUPT4_PANCREAS', 'IGR1_SKIN', 'JHOC5_OVARY', 'KPNSI9S_AUTONOMIC_GANGLIA', 'MKN7_STOMACH', 'NCIH2087_LUNG', 'NCIH650_LUNG', 'NCIH747_LARGE_INTESTINE', 'OAW28_OVARY', 'OUMS23_LARGE_INTESTINE', 'OVK18_OVARY', 'PK59_PANCREAS', 'RCC10RGB_KIDNEY', 'RERFLCAD1_LUNG', 'RERFLCAI_LUNG', 'RT4_URINARY_TRACT', 'SH10TC_STOMACH', 'SNUC4_LARGE_INTESTINE', 'SW1990_PANCREAS']",12,0.026091855846381858,50,mlp,0.0,mse,42
1,X_pca,124,105,50,19,29,"['BT549_BREAST', 'CAS1_CENTRAL_NERVOUS_SYSTEM', 'HEC6_ENDOMETRIUM', 'HT55_LARGE_INTESTINE', 'KMRC3_KIDNEY', 'MCF7_BREAST', 'MDAMB361_BREAST', 'MKN45_STOMACH', 'MSTO211H_PLEURA', 'NCIH2110_LUNG', 'NCIH226_LUNG', 'NCIH358_LUNG', 'OVCAR4_OVARY', 'PC3_PROSTATE', 'PECAPJ49_UPPER_AERODIGESTIVE_TRACT', 'RD_SOFT_TISSUE', 'SKMEL2_SKIN', 'SKMEL30_SKIN', 'SNU1079_BILIARY_TRACT', 'SNU1214_UPPER_AERODIGESTIVE_TRACT', 'SNU308_BILIARY_TRACT', 'SNU738_CENTRAL_NERVOUS_SYSTEM', 'SU8686_PANCREAS', 'SW1271_LUNG', 'T47D_BREAST', 'TE14_OESOPHAGUS', 'UACC257_SKIN', 'UMUC1_URINARY_TRACT', 'ZR751_BREAST']",12,0.01515860214008467,50,mlp,0.0,mse,43
2,X_pca,122,103,50,19,31,"['ACCMESO1_PLEURA', 'COLO792_SKIN', 'DETROIT562_UPPER_AERODIGESTIVE_TRACT', 'EKVX_LUNG', 'GOS3_CENTRAL_NERVOUS_SYSTEM', 'HEP3B217_LIVER', 'HMC18_BREAST', 'HUH28_BILIARY_TRACT', 'IGR37_SKIN', 'KALS1_CENTRAL_NERVOUS_SYSTEM', 'KYSE520_OESOPHAGUS', 'LMSU_STOMACH', 'LNCAPCLONEFGC_PROSTATE', 'MFE319_ENDOMETRIUM', 'NCIH1299_LUNG', 'NCIH1944_LUNG', 'NCIH522_LUNG', 'ONCODG1_OVARY', 'OVSAHO_OVARY', 'OVTOKO_OVARY', 'PATU8988S_PANCREAS', 'SCC25_UPPER_AERODIGESTIVE_TRACT', 'SCC9_UPPER_AERODIGESTIVE_TRACT', 'SKES1_BONE', 'SKNAS_AUTONOMIC_GANGLIA', 'SNU899_UPPER_AERODIGESTIVE_TRACT', 'TE6_OESOPHAGUS', 'TE9_OESOPHAGUS', 'TM31_CENTRAL_NERVOUS_SYSTEM', 'TOV112D_OVARY', 'VMRCRCZ_KIDNEY']",12,0.018485907828158267,50,mlp,0.0,mse,43
3,X_pca,122,103,50,19,31,"['A375_SKIN', 'BHY_UPPER_AERODIGESTIVE_TRACT', 'BICR31_UPPER_AERODIGESTIVE_TRACT', 'BICR56_UPPER_AERODIGESTIVE_TRACT', 'CALU6_LUNG', 'CAMA1_BREAST', 'COLO741_SKIN', 'EBC1_LUNG', 'FTC133_THYROID', 'HCC56_LARGE_INTESTINE', 'HDQP1_BREAST', 'HEC251_ENDOMETRIUM', 'HS852T_SKIN', 'JHH6_LIVER', 'KPL1_BREAST', 'LS180_LARGE_INTESTINE', 'NCIH1373_LUNG', 'NCIH1435_LUNG', 'NCIH2228_LUNG', 'NCIH2444_LUNG', 'NCIH2452_PLEURA', 'NCIH292_LUNG', 'NCIH446_LUNG', 'NCIH460_LUNG', 'OSRC2_KIDNEY', 'PANC0203_PANCREAS', 'RCM1_LARGE_INTESTINE', 'SNU449_LIVER', 'SQ1_LUNG', 'SW579_THYROID', 'TCCSUP_URINARY_TRACT']",7,0.016863212641879653,50,mlp,0.0,mse,43
4,X_pca,122,103,50,19,31,"['42MGBA_CENTRAL_NERVOUS_SYSTEM', '8305C_THYROID', 'A204_SOFT_TISSUE', 'ASPC1_PANCREAS', 'BCPAP_THYROID', 'BT474_BREAST', 'CAKI2_KIDNEY', 'COV434_OVARY', 'EFE184_ENDOMETRIUM', 'HEC151_ENDOMETRIUM', 'HOS_BONE', 'HT1197_URINARY_TRACT', 'HUH6_LIVER', 'IALM_LUNG', 'IM95_STOMACH', 'KNS42_CENTRAL_NERVOUS_SYSTEM', 'LI7_LIVER', 'LS1034_LARGE_INTESTINE', 'NCIH1792_LUNG', 'NCIH2126_LUNG', 'NCIH2170_LUNG', 'PK45H_PANCREAS', 'RVH421_SKIN', 'SKMEL5_SKIN', 'SNU423_LIVER', 'SNU46_UPPER_AERODIGESTIVE_TRACT', 'SW1088_CENTRAL_NERVOUS_SYSTEM', 'TE10_OESOPHAGUS', 'TE1_OESOPHAGUS', 'VMCUB1_URINARY_TRACT', 'YD38_UPPER_AERODIGESTIVE_TRACT']",11,0.02065651454615676,50,mlp,0.0,mse,43
5,X_pca,122,103,50,19,31,"['A2058_SKIN', 'BFTC909_KIDNEY', 'BICR16_UPPER_AERODIGESTIVE_TRACT', 'BICR6_UPPER_AERODIGESTIVE_TRACT', 'CCFSTTG1_CENTRAL_NERVOUS_SYSTEM', 'DKMG_CENTRAL_NERVOUS_SYSTEM', 'EFM192A_BREAST', 'HCC1428_BREAST', 'HCC366_LUNG', 'HCC38_BREAST', 'HT1080_SOFT_TISSUE', 'HUPT3_PANCREAS', 'HUPT4_PANCREAS', 'IGR1_SKIN', 'JHOC5_OVARY', 'KPNSI9S_AUTONOMIC_GANGLIA', 'MKN7_STOMACH', 'NCIH2087_LUNG', 'NCIH650_LUNG', 'NCIH747_LARGE_INTESTINE', 'OAW28_OVARY', 'OUMS23_LARGE_INTESTINE', 'OVK18_OVARY', 'PK59_PANCREAS', 'RCC10RGB_KIDNEY', 'RERFLCAD1_LUNG', 'RERFLCAI_LUNG', 'RT4_URINARY_TRACT', 'SH10TC_STOMACH', 'SNUC4_LARGE_INTESTINE', 'SW1990_PANCREAS']",2,0.02722340852778058,50,mlp,0.0,mse,43
1,X_pca,124,105,50,19,29,"['BT549_BREAST', 'CAS1_CENTRAL_NERVOUS_SYSTEM', 'HEC6_ENDOMETRIUM', 'HT55_LARGE_INTESTINE', 'KMRC3_KIDNEY', 'MCF7_BREAST', 'MDAMB361_BREAST', 'MKN45_STOMACH', 'MSTO211H_PLEURA', 'NCIH2110_LUNG', 'NCIH226_LUNG', 'NCIH358_LUNG', 'OVCAR4_OVARY', 'PC3_PROSTATE', 'PECAPJ49_UPPER_AERODIGESTIVE_TRACT', 'RD_SOFT_TISSUE', 'SKMEL2_SKIN', 'SKMEL30_SKIN', 'SNU1079_BILIARY_TRACT', 'SNU1214_UPPER_AERODIGESTIVE_TRACT', 'SNU308_BILIARY_TRACT', 'SNU738_CENTRAL_NERVOUS_SYSTEM', 'SU8686_PANCREAS', 'SW1271_LUNG', 'T47D_BREAST', 'TE14_OESOPHAGUS', 'UACC257_SKIN', 'UMUC1_URINARY_TRACT', 'ZR751_BREAST']",14,0.01646723730559285,50,mlp,0.0,mse,44
2,X_pca,122,103,50,19,31,"['ACCMESO1_PLEURA', 'COLO792_SKIN', 'DETROIT562_UPPER_AERODIGESTIVE_TRACT', 'EKVX_LUNG', 'GOS3_CENTRAL_NERVOUS_SYSTEM', 'HEP3B217_LIVER', 'HMC18_BREAST', 'HUH28_BILIARY_TRACT', 'IGR37_SKIN', 'KALS1_CENTRAL_NERVOUS_SYSTEM', 'KYSE520_OESOPHAGUS', 'LMSU_STOMACH', 'LNCAPCLONEFGC_PROSTATE', 'MFE319_ENDOMETRIUM', 'NCIH1299_LUNG', 'NCIH1944_LUNG', 'NCIH522_LUNG', 'ONCODG1_OVARY', 'OVSAHO_OVARY', 'OVTOKO_OVARY', 'PATU8988S_PANCREAS', 'SCC25_UPPER_AERODIGESTIVE_TRACT', 'SCC9_UPPER_AERODIGESTIVE_TRACT', 'SKES1_BONE', 'SKNAS_AUTONOMIC_GANGLIA', 'SNU899_UPPER_AERODIGESTIVE_TRACT', 'TE6_OESOPHAGUS', 'TE9_OESOPHAGUS', 'TM31_CENTRAL_NERVOUS_SYSTEM', 'TOV112D_OVARY', 'VMRCRCZ_KIDNEY']",19,0.017153564601645917,50,mlp,0.0,mse,44
3,X_pca,122,103,50,19,31,"['A375_SKIN', 'BHY_UPPER_AERODIGESTIVE_TRACT', 'BICR31_UPPER_AERODIGESTIVE_TRACT', 'BICR56_UPPER_AERODIGESTIVE_TRACT', 'CALU6_LUNG', 'CAMA1_BREAST', 'COLO741_SKIN', 'EBC1_LUNG', 'FTC133_THYROID', 'HCC56_LARGE_INTESTINE', 'HDQP1_BREAST', 'HEC251_ENDOMETRIUM', 'HS852T_SKIN', 'JHH6_LIVER', 'KPL1_BREAST', 'LS180_LARGE_INTESTINE', 'NCIH1373_LUNG', 'NCIH1435_LUNG', 'NCIH2228_LUNG', 'NCIH2444_LUNG', 'NCIH2452_PLEURA', 'NCIH292_LUNG', 'NCIH446_LUNG', 'NCIH460_LUNG', 'OSRC2_KIDNEY', 'PANC0203_PANCREAS', 'RCM1_LARGE_INTESTINE', 'SNU449_LIVER', 'SQ1_LUNG', 'SW579_THYROID', 'TCCSUP_URINARY_TRACT']",1,0.017371971813573032,50,mlp,0.0,mse,44
4,X_pca,122,103,50,19,31,"['42MGBA_CENTRAL_NERVOUS_SYSTEM', '8305C_THYROID', 'A204_SOFT_TISSUE', 'ASPC1_PANCREAS', 'BCPAP_THYROID', 'BT474_BREAST', 'CAKI2_KIDNEY', 'COV434_OVARY', 'EFE184_ENDOMETRIUM', 'HEC151_ENDOMETRIUM', 'HOS_BONE', 'HT1197_URINARY_TRACT', 'HUH6_LIVER', 'IALM_LUNG', 'IM95_STOMACH', 'KNS42_CENTRAL_NERVOUS_SYSTEM', 'LI7_LIVER', 'LS1034_LARGE_INTESTINE', 'NCIH1792_LUNG', 'NCIH2126_LUNG', 'NCIH2170_LUNG', 'PK45H_PANCREAS', 'RVH421_SKIN', 'SKMEL5_SKIN', 'SNU423_LIVER', 'SNU46_UPPER_AERODIGESTIVE_TRACT', 'SW1088_CENTRAL_NERVOUS_SYSTEM', 'TE10_OESOPHAGUS', 'TE1_OESOPHAGUS', 'VMCUB1_URINARY_TRACT', 'YD38_UPPER_AERODIGESTIVE_TRACT']",4,0.023094133981931646,50,mlp,0.0,mse,44
5,X_pca,122,103,50,19,31,"['A2058_SKIN', 'BFTC909_KIDNEY', 'BICR16_UPPER_AERODIGESTIVE_TRACT', 'BICR6_UPPER_AERODIGESTIVE_TRACT', 'CCFSTTG1_CENTRAL_NERVOUS_SYSTEM', 'DKMG_CENTRAL_NERVOUS_SYSTEM', 'EFM192A_BREAST', 'HCC1428_BREAST', 'HCC366_LUNG', 'HCC38_BREAST', 'HT1080_SOFT_TISSUE', 'HUPT3_PANCREAS', 'HUPT4_PANCREAS', 'IGR1_SKIN', 'JHOC5_OVARY', 'KPNSI9S_AUTONOMIC_GANGLIA', 'MKN7_STOMACH', 'NCIH2087_LUNG', 'NCIH650_LUNG', 'NCIH747_LARGE_INTESTINE', 'OAW28_OVARY', 'OUMS23_LARGE_INTESTINE', 'OVK18_OVARY', 'PK59_PANCREAS', 'RCC10RGB_KIDNEY', 'RERFLCAD1_LUNG', 'RERFLCAI_LUNG', 'RT4_URINARY_TRACT', 'SH10TC_STOMACH', 'SNUC4_LARGE_INTESTINE', 'SW1990_PANCREAS']",6,0.024122741661653332,50,mlp,0.0,mse,44
1,X_scGPT,124,105,50,19,29,"['BT549_BREAST', 'CAS1_CENTRAL_NERVOUS_SYSTEM', 'HEC6_ENDOMETRIUM', 'HT55_LARGE_INTESTINE', 'KMRC3_KIDNEY', 'MCF7_BREAST', 'MDAMB361_BREAST', 'MKN45_STOMACH', 'MSTO211H_PLEURA', 'NCIH2110_LUNG', 'NCIH226_LUNG', 'NCIH358_LUNG', 'OVCAR4_OVARY', 'PC3_PROSTATE', 'PECAPJ49_UPPER_AERODIGESTIVE_TRACT', 'RD_SOFT_TISSUE', 'SKMEL2_SKIN', 'SKMEL30_SKIN', 'SNU1079_BILIARY_TRACT', 'SNU1214_UPPER_AERODIGESTIVE_TRACT', 'SNU308_BILIARY_TRACT', 'SNU738_CENTRAL_NERVOUS_SYSTEM', 'SU8686_PANCREAS', 'SW1271_LUNG', 'T47D_BREAST', 'TE14_OESOPHAGUS', 'UACC257_SKIN', 'UMUC1_URINARY_TRACT', 'ZR751_BREAST']",1,0.016815045773049448,50,mlp,0.0,mse,42
2,X_scGPT,122,103,50,19,31,"['ACCMESO1_PLEURA', 'COLO792_SKIN', 'DETROIT562_UPPER_AERODIGESTIVE_TRACT', 'EKVX_LUNG', 'GOS3_CENTRAL_NERVOUS_SYSTEM', 'HEP3B217_LIVER', 'HMC18_BREAST', 'HUH28_BILIARY_TRACT', 'IGR37_SKIN', 'KALS1_CENTRAL_NERVOUS_SYSTEM', 'KYSE520_OESOPHAGUS', 'LMSU_STOMACH', 'LNCAPCLONEFGC_PROSTATE', 'MFE319_ENDOMETRIUM', 'NCIH1299_LUNG', 'NCIH1944_LUNG', 'NCIH522_LUNG', 'ONCODG1_OVARY', 'OVSAHO_OVARY', 'OVTOKO_OVARY', 'PATU8988S_PANCREAS', 'SCC25_UPPER_AERODIGESTIVE_TRACT', 'SCC9_UPPER_AERODIGESTIVE_TRACT', 'SKES1_BONE', 'SKNAS_AUTONOMIC_GANGLIA', 'SNU899_UPPER_AERODIGESTIVE_TRACT', 'TE6_OESOPHAGUS', 'TE9_OESOPHAGUS', 'TM31_CENTRAL_NERVOUS_SYSTEM', 'TOV112D_OVARY', 'VMRCRCZ_KIDNEY']",1,0.01811969889681842,50,mlp,0.0,mse,42
3,X_scGPT,122,103,50,19,31,"['A375_SKIN', 'BHY_UPPER_AERODIGESTIVE_TRACT', 'BICR31_UPPER_AERODIGESTIVE_TRACT', 'BICR56_UPPER_AERODIGESTIVE_TRACT', 'CALU6_LUNG', 'CAMA1_BREAST', 'COLO741_SKIN', 'EBC1_LUNG', 'FTC133_THYROID', 'HCC56_LARGE_INTESTINE', 'HDQP1_BREAST', 'HEC251_ENDOMETRIUM', 'HS852T_SKIN', 'JHH6_LIVER', 'KPL1_BREAST', 'LS180_LARGE_INTESTINE', 'NCIH1373_LUNG', 'NCIH1435_LUNG', 'NCIH2228_LUNG', 'NCIH2444_LUNG', 'NCIH2452_PLEURA', 'NCIH292_LUNG', 'NCIH446_LUNG', 'NCIH460_LUNG', 'OSRC2_KIDNEY', 'PANC0203_PANCREAS', 'RCM1_LARGE_INTESTINE', 'SNU449_LIVER', 'SQ1_LUNG', 'SW579_THYROID', 'TCCSUP_URINARY_TRACT']",3,0.02228113617089291,50,mlp,0.0,mse,42
4,X_scGPT,122,103,50,19,31,"['42MGBA_CENTRAL_NERVOUS_SYSTEM', '8305C_THYROID', 'A204_SOFT_TISSUE', 'ASPC1_PANCREAS', 'BCPAP_THYROID', 'BT474_BREAST', 'CAKI2_KIDNEY', 'COV434_OVARY', 'EFE184_ENDOMETRIUM', 'HEC151_ENDOMETRIUM', 'HOS_BONE', 'HT1197_URINARY_TRACT', 'HUH6_LIVER', 'IALM_LUNG', 'IM95_STOMACH', 'KNS42_CENTRAL_NERVOUS_SYSTEM', 'LI7_LIVER', 'LS1034_LARGE_INTESTINE', 'NCIH1792_LUNG', 'NCIH2126_LUNG', 'NCIH2170_LUNG', 'PK45H_PANCREAS', 'RVH421_SKIN', 'SKMEL5_SKIN', 'SNU423_LIVER', 'SNU46_UPPER_AERODIGESTIVE_TRACT', 'SW1088_CENTRAL_NERVOUS_SYSTEM', 'TE10_OESOPHAGUS', 'TE1_OESOPHAGUS', 'VMCUB1_URINARY_TRACT', 'YD38_UPPER_AERODIGESTIVE_TRACT']",3,0.021677597386924995,50,mlp,0.0,mse,42
5,X_scGPT,122,103,50,19,31,"['A2058_SKIN', 'BFTC909_KIDNEY', 'BICR16_UPPER_AERODIGESTIVE_TRACT', 'BICR6_UPPER_AERODIGESTIVE_TRACT', 'CCFSTTG1_CENTRAL_NERVOUS_SYSTEM', 'DKMG_CENTRAL_NERVOUS_SYSTEM', 'EFM192A_BREAST', 'HCC1428_BREAST', 'HCC366_LUNG', 'HCC38_BREAST', 'HT1080_SOFT_TISSUE', 'HUPT3_PANCREAS', 'HUPT4_PANCREAS', 'IGR1_SKIN', 'JHOC5_OVARY', 'KPNSI9S_AUTONOMIC_GANGLIA', 'MKN7_STOMACH', 'NCIH2087_LUNG', 'NCIH650_LUNG', 'NCIH747_LARGE_INTESTINE', 'OAW28_OVARY', 'OUMS23_LARGE_INTESTINE', 'OVK18_OVARY', 'PK59_PANCREAS', 'RCC10RGB_KIDNEY', 'RERFLCAD1_LUNG', 'RERFLCAI_LUNG', 'RT4_URINARY_TRACT', 'SH10TC_STOMACH', 'SNUC4_LARGE_INTESTINE', 'SW1990_PANCREAS']",1,0.028750731229753867,50,mlp,0.0,mse,42
1,X_scGPT,124,105,50,19,29,"['BT549_BREAST', 'CAS1_CENTRAL_NERVOUS_SYSTEM', 'HEC6_ENDOMETRIUM', 'HT55_LARGE_INTESTINE', 'KMRC3_KIDNEY', 'MCF7_BREAST', 'MDAMB361_BREAST', 'MKN45_STOMACH', 'MSTO211H_PLEURA', 'NCIH2110_LUNG', 'NCIH226_LUNG', 'NCIH358_LUNG', 'OVCAR4_OVARY', 'PC3_PROSTATE', 'PECAPJ49_UPPER_AERODIGESTIVE_TRACT', 'RD_SOFT_TISSUE', 'SKMEL2_SKIN', 'SKMEL30_SKIN', 'SNU1079_BILIARY_TRACT', 'SNU1214_UPPER_AERODIGESTIVE_TRACT', 'SNU308_BILIARY_TRACT', 'SNU738_CENTRAL_NERVOUS_SYSTEM', 'SU8686_PANCREAS', 'SW1271_LUNG', 'T47D_BREAST', 'TE14_OESOPHAGUS', 'UACC257_SKIN', 'UMUC1_URINARY_TRACT', 'ZR751_BREAST']",1,0.01637665520325888,50,mlp,0.0,mse,43
2,X_scGPT,122,103,50,19,31,"['ACCMESO1_PLEURA', 'COLO792_SKIN', 'DETROIT562_UPPER_AERODIGESTIVE_TRACT', 'EKVX_LUNG', 'GOS3_CENTRAL_NERVOUS_SYSTEM', 'HEP3B217_LIVER', 'HMC18_BREAST', 'HUH28_BILIARY_TRACT', 'IGR37_SKIN', 'KALS1_CENTRAL_NERVOUS_SYSTEM', 'KYSE520_OESOPHAGUS', 'LMSU_STOMACH', 'LNCAPCLONEFGC_PROSTATE', 'MFE319_ENDOMETRIUM', 'NCIH1299_LUNG', 'NCIH1944_LUNG', 'NCIH522_LUNG', 'ONCODG1_OVARY', 'OVSAHO_OVARY', 'OVTOKO_OVARY', 'PATU8988S_PANCREAS', 'SCC25_UPPER_AERODIGESTIVE_TRACT', 'SCC9_UPPER_AERODIGESTIVE_TRACT', 'SKES1_BONE', 'SKNAS_AUTONOMIC_GANGLIA', 'SNU899_UPPER_AERODIGESTIVE_TRACT', 'TE6_OESOPHAGUS', 'TE9_OESOPHAGUS', 'TM31_CENTRAL_NERVOUS_SYSTEM', 'TOV112D_OVARY', 'VMRCRCZ_KIDNEY']",1,0.018055334187048445,50,mlp,0.0,mse,43
3,X_scGPT,122,103,50,19,31,"['A375_SKIN', 'BHY_UPPER_AERODIGESTIVE_TRACT', 'BICR31_UPPER_AERODIGESTIVE_TRACT', 'BICR56_UPPER_AERODIGESTIVE_TRACT', 'CALU6_LUNG', 'CAMA1_BREAST', 'COLO741_SKIN', 'EBC1_LUNG', 'FTC133_THYROID', 'HCC56_LARGE_INTESTINE', 'HDQP1_BREAST', 'HEC251_ENDOMETRIUM', 'HS852T_SKIN', 'JHH6_LIVER', 'KPL1_BREAST', 'LS180_LARGE_INTESTINE', 'NCIH1373_LUNG', 'NCIH1435_LUNG', 'NCIH2228_LUNG', 'NCIH2444_LUNG', 'NCIH2452_PLEURA', 'NCIH292_LUNG', 'NCIH446_LUNG', 'NCIH460_LUNG', 'OSRC2_KIDNEY', 'PANC0203_PANCREAS', 'RCM1_LARGE_INTESTINE', 'SNU449_LIVER', 'SQ1_LUNG', 'SW579_THYROID', 'TCCSUP_URINARY_TRACT']",1,0.02067335020385255,50,mlp,0.0,mse,43
4,X_scGPT,122,103,50,19,31,"['42MGBA_CENTRAL_NERVOUS_SYSTEM', '8305C_THYROID', 'A204_SOFT_TISSUE', 'ASPC1_PANCREAS', 'BCPAP_THYROID', 'BT474_BREAST', 'CAKI2_KIDNEY', 'COV434_OVARY', 'EFE184_ENDOMETRIUM', 'HEC151_ENDOMETRIUM', 'HOS_BONE', 'HT1197_URINARY_TRACT', 'HUH6_LIVER', 'IALM_LUNG', 'IM95_STOMACH', 'KNS42_CENTRAL_NERVOUS_SYSTEM', 'LI7_LIVER', 'LS1034_LARGE_INTESTINE', 'NCIH1792_LUNG', 'NCIH2126_LUNG', 'NCIH2170_LUNG', 'PK45H_PANCREAS', 'RVH421_SKIN', 'SKMEL5_SKIN', 'SNU423_LIVER', 'SNU46_UPPER_AERODIGESTIVE_TRACT', 'SW1088_CENTRAL_NERVOUS_SYSTEM', 'TE10_OESOPHAGUS', 'TE1_OESOPHAGUS', 'VMCUB1_URINARY_TRACT', 'YD38_UPPER_AERODIGESTIVE_TRACT']",1,0.02122937926149937,50,mlp,0.0,mse,43
5,X_scGPT,122,103,50,19,31,"['A2058_SKIN', 'BFTC909_KIDNEY', 'BICR16_UPPER_AERODIGESTIVE_TRACT', 'BICR6_UPPER_AERODIGESTIVE_TRACT', 'CCFSTTG1_CENTRAL_NERVOUS_SYSTEM', 'DKMG_CENTRAL_NERVOUS_SYSTEM', 'EFM192A_BREAST', 'HCC1428_BREAST', 'HCC366_LUNG', 'HCC38_BREAST', 'HT1080_SOFT_TISSUE', 'HUPT3_PANCREAS', 'HUPT4_PANCREAS', 'IGR1_SKIN', 'JHOC5_OVARY', 'KPNSI9S_AUTONOMIC_GANGLIA', 'MKN7_STOMACH', 'NCIH2087_LUNG', 'NCIH650_LUNG', 'NCIH747_LARGE_INTESTINE', 'OAW28_OVARY', 'OUMS23_LARGE_INTESTINE', 'OVK18_OVARY', 'PK59_PANCREAS', 'RCC10RGB_KIDNEY', 'RERFLCAD1_LUNG', 'RERFLCAI_LUNG', 'RT4_URINARY_TRACT', 'SH10TC_STOMACH', 'SNUC4_LARGE_INTESTINE', 'SW1990_PANCREAS']",1,0.029823703266933253,50,mlp,0.0,mse,43
1,X_scGPT,124,105,50,19,29,"['BT549_BREAST', 'CAS1_CENTRAL_NERVOUS_SYSTEM', 'HEC6_ENDOMETRIUM', 'HT55_LARGE_INTESTINE', 'KMRC3_KIDNEY', 'MCF7_BREAST', 'MDAMB361_BREAST', 'MKN45_STOMACH', 'MSTO211H_PLEURA', 'NCIH2110_LUNG', 'NCIH226_LUNG', 'NCIH358_LUNG', 'OVCAR4_OVARY', 'PC3_PROSTATE', 'PECAPJ49_UPPER_AERODIGESTIVE_TRACT', 'RD_SOFT_TISSUE', 'SKMEL2_SKIN', 'SKMEL30_SKIN', 'SNU1079_BILIARY_TRACT', 'SNU1214_UPPER_AERODIGESTIVE_TRACT', 'SNU308_BILIARY_TRACT', 'SNU738_CENTRAL_NERVOUS_SYSTEM', 'SU8686_PANCREAS', 'SW1271_LUNG', 'T47D_BREAST', 'TE14_OESOPHAGUS', 'UACC257_SKIN', 'UMUC1_URINARY_TRACT', 'ZR751_BREAST']",1,0.015473503035824229,50,mlp,0.0,mse,44
2,X_scGPT,122,103,50,19,31,"['ACCMESO1_PLEURA', 'COLO792_SKIN', 'DETROIT562_UPPER_AERODIGESTIVE_TRACT', 'EKVX_LUNG', 'GOS3_CENTRAL_NERVOUS_SYSTEM', 'HEP3B217_LIVER', 'HMC18_BREAST', 'HUH28_BILIARY_TRACT', 'IGR37_SKIN', 'KALS1_CENTRAL_NERVOUS_SYSTEM', 'KYSE520_OESOPHAGUS', 'LMSU_STOMACH', 'LNCAPCLONEFGC_PROSTATE', 'MFE319_ENDOMETRIUM', 'NCIH1299_LUNG', 'NCIH1944_LUNG', 'NCIH522_LUNG', 'ONCODG1_OVARY', 'OVSAHO_OVARY', 'OVTOKO_OVARY', 'PATU8988S_PANCREAS', 'SCC25_UPPER_AERODIGESTIVE_TRACT', 'SCC9_UPPER_AERODIGESTIVE_TRACT', 'SKES1_BONE', 'SKNAS_AUTONOMIC_GANGLIA', 'SNU899_UPPER_AERODIGESTIVE_TRACT', 'TE6_OESOPHAGUS', 'TE9_OESOPHAGUS', 'TM31_CENTRAL_NERVOUS_SYSTEM', 'TOV112D_OVARY', 'VMRCRCZ_KIDNEY']",1,0.015078956259074489,50,mlp,0.0,mse,44
3,X_scGPT,122,103,50,19,31,"['A375_SKIN', 'BHY_UPPER_AERODIGESTIVE_TRACT', 'BICR31_UPPER_AERODIGESTIVE_TRACT', 'BICR56_UPPER_AERODIGESTIVE_TRACT', 'CALU6_LUNG', 'CAMA1_BREAST', 'COLO741_SKIN', 'EBC1_LUNG', 'FTC133_THYROID', 'HCC56_LARGE_INTESTINE', 'HDQP1_BREAST', 'HEC251_ENDOMETRIUM', 'HS852T_SKIN', 'JHH6_LIVER', 'KPL1_BREAST', 'LS180_LARGE_INTESTINE', 'NCIH1373_LUNG', 'NCIH1435_LUNG', 'NCIH2228_LUNG', 'NCIH2444_LUNG', 'NCIH2452_PLEURA', 'NCIH292_LUNG', 'NCIH446_LUNG', 'NCIH460_LUNG', 'OSRC2_KIDNEY', 'PANC0203_PANCREAS', 'RCM1_LARGE_INTESTINE', 'SNU449_LIVER', 'SQ1_LUNG', 'SW579_THYROID', 'TCCSUP_URINARY_TRACT']",1,0.021587984332589513,50,mlp,0.0,mse,44
4,X_scGPT,122,103,50,19,31,"['42MGBA_CENTRAL_NERVOUS_SYSTEM', '8305C_THYROID', 'A204_SOFT_TISSUE', 'ASPC1_PANCREAS', 'BCPAP_THYROID', 'BT474_BREAST', 'CAKI2_KIDNEY', 'COV434_OVARY', 'EFE184_ENDOMETRIUM', 'HEC151_ENDOMETRIUM', 'HOS_BONE', 'HT1197_URINARY_TRACT', 'HUH6_LIVER', 'IALM_LUNG', 'IM95_STOMACH', 'KNS42_CENTRAL_NERVOUS_SYSTEM', 'LI7_LIVER', 'LS1034_LARGE_INTESTINE', 'NCIH1792_LUNG', 'NCIH2126_LUNG', 'NCIH2170_LUNG', 'PK45H_PANCREAS', 'RVH421_SKIN', 'SKMEL5_SKIN', 'SNU423_LIVER', 'SNU46_UPPER_AERODIGESTIVE_TRACT', 'SW1088_CENTRAL_NERVOUS_SYSTEM', 'TE10_OESOPHAGUS', 'TE1_OESOPHAGUS', 'VMCUB1_URINARY_TRACT', 'YD38_UPPER_AERODIGESTIVE_TRACT']",1,0.02229556323150053,50,mlp,0.0,mse,44
5,X_scGPT,122,103,50,19,31,"['A2058_SKIN', 'BFTC909_KIDNEY', 'BICR16_UPPER_AERODIGESTIVE_TRACT', 'BICR6_UPPER_AERODIGESTIVE_TRACT', 'CCFSTTG1_CENTRAL_NERVOUS_SYSTEM', 'DKMG_CENTRAL_NERVOUS_SYSTEM', 'EFM192A_BREAST', 'HCC1428_BREAST', 'HCC366_LUNG', 'HCC38_BREAST', 'HT1080_SOFT_TISSUE', 'HUPT3_PANCREAS', 'HUPT4_PANCREAS', 'IGR1_SKIN', 'JHOC5_OVARY', 'KPNSI9S_AUTONOMIC_GANGLIA', 'MKN7_STOMACH', 'NCIH2087_LUNG', 'NCIH650_LUNG', 'NCIH747_LARGE_INTESTINE', 'OAW28_OVARY', 'OUMS23_LARGE_INTESTINE', 'OVK18_OVARY', 'PK59_PANCREAS', 'RCC10RGB_KIDNEY', 'RERFLCAD1_LUNG', 'RERFLCAI_LUNG', 'RT4_URINARY_TRACT', 'SH10TC_STOMACH', 'SNUC4_LARGE_INTESTINE', 'SW1990_PANCREAS']",1,0.024832648368953308,50,mlp,0.0,mse,44
1,X_pca,124,105,75,19,29,"['BT549_BREAST', 'CAS1_CENTRAL_NERVOUS_SYSTEM', 'HEC6_ENDOMETRIUM', 'HT55_LARGE_INTESTINE', 'KMRC3_KIDNEY', 'MCF7_BREAST', 'MDAMB361_BREAST', 'MKN45_STOMACH', 'MSTO211H_PLEURA', 'NCIH2110_LUNG', 'NCIH226_LUNG', 'NCIH358_LUNG', 'OVCAR4_OVARY', 'PC3_PROSTATE', 'PECAPJ49_UPPER_AERODIGESTIVE_TRACT', 'RD_SOFT_TISSUE', 'SKMEL2_SKIN', 'SKMEL30_SKIN', 'SNU1079_BILIARY_TRACT', 'SNU1214_UPPER_AERODIGESTIVE_TRACT', 'SNU308_BILIARY_TRACT', 'SNU738_CENTRAL_NERVOUS_SYSTEM', 'SU8686_PANCREAS', 'SW1271_LUNG', 'T47D_BREAST', 'TE14_OESOPHAGUS', 'UACC257_SKIN', 'UMUC1_URINARY_TRACT', 'ZR751_BREAST']",18,0.016335485160339818,75,mlp,0.0,mse,42
2,X_pca,122,103,75,19,31,"['ACCMESO1_PLEURA', 'COLO792_SKIN', 'DETROIT562_UPPER_AERODIGESTIVE_TRACT', 'EKVX_LUNG', 'GOS3_CENTRAL_NERVOUS_SYSTEM', 'HEP3B217_LIVER', 'HMC18_BREAST', 'HUH28_BILIARY_TRACT', 'IGR37_SKIN', 'KALS1_CENTRAL_NERVOUS_SYSTEM', 'KYSE520_OESOPHAGUS', 'LMSU_STOMACH', 'LNCAPCLONEFGC_PROSTATE', 'MFE319_ENDOMETRIUM', 'NCIH1299_LUNG', 'NCIH1944_LUNG', 'NCIH522_LUNG', 'ONCODG1_OVARY', 'OVSAHO_OVARY', 'OVTOKO_OVARY', 'PATU8988S_PANCREAS', 'SCC25_UPPER_AERODIGESTIVE_TRACT', 'SCC9_UPPER_AERODIGESTIVE_TRACT', 'SKES1_BONE', 'SKNAS_AUTONOMIC_GANGLIA', 'SNU899_UPPER_AERODIGESTIVE_TRACT', 'TE6_OESOPHAGUS', 'TE9_OESOPHAGUS', 'TM31_CENTRAL_NERVOUS_SYSTEM', 'TOV112D_OVARY', 'VMRCRCZ_KIDNEY']",6,0.019151414567407266,75,mlp,0.0,mse,42
3,X_pca,122,103,75,19,31,"['A375_SKIN', 'BHY_UPPER_AERODIGESTIVE_TRACT', 'BICR31_UPPER_AERODIGESTIVE_TRACT', 'BICR56_UPPER_AERODIGESTIVE_TRACT', 'CALU6_LUNG', 'CAMA1_BREAST', 'COLO741_SKIN', 'EBC1_LUNG', 'FTC133_THYROID', 'HCC56_LARGE_INTESTINE', 'HDQP1_BREAST', 'HEC251_ENDOMETRIUM', 'HS852T_SKIN', 'JHH6_LIVER', 'KPL1_BREAST', 'LS180_LARGE_INTESTINE', 'NCIH1373_LUNG', 'NCIH1435_LUNG', 'NCIH2228_LUNG', 'NCIH2444_LUNG', 'NCIH2452_PLEURA', 'NCIH292_LUNG', 'NCIH446_LUNG', 'NCIH460_LUNG', 'OSRC2_KIDNEY', 'PANC0203_PANCREAS', 'RCM1_LARGE_INTESTINE', 'SNU449_LIVER', 'SQ1_LUNG', 'SW579_THYROID', 'TCCSUP_URINARY_TRACT']",15,0.015018680365685667,75,mlp,0.0,mse,42
4,X_pca,122,103,75,19,31,"['42MGBA_CENTRAL_NERVOUS_SYSTEM', '8305C_THYROID', 'A204_SOFT_TISSUE', 'ASPC1_PANCREAS', 'BCPAP_THYROID', 'BT474_BREAST', 'CAKI2_KIDNEY', 'COV434_OVARY', 'EFE184_ENDOMETRIUM', 'HEC151_ENDOMETRIUM', 'HOS_BONE', 'HT1197_URINARY_TRACT', 'HUH6_LIVER', 'IALM_LUNG', 'IM95_STOMACH', 'KNS42_CENTRAL_NERVOUS_SYSTEM', 'LI7_LIVER', 'LS1034_LARGE_INTESTINE', 'NCIH1792_LUNG', 'NCIH2126_LUNG', 'NCIH2170_LUNG', 'PK45H_PANCREAS', 'RVH421_SKIN', 'SKMEL5_SKIN', 'SNU423_LIVER', 'SNU46_UPPER_AERODIGESTIVE_TRACT', 'SW1088_CENTRAL_NERVOUS_SYSTEM', 'TE10_OESOPHAGUS', 'TE1_OESOPHAGUS', 'VMCUB1_URINARY_TRACT', 'YD38_UPPER_AERODIGESTIVE_TRACT']",2,0.020663280175408128,75,mlp,0.0,mse,42
5,X_pca,122,103,75,19,31,"['A2058_SKIN', 'BFTC909_KIDNEY', 'BICR16_UPPER_AERODIGESTIVE_TRACT', 'BICR6_UPPER_AERODIGESTIVE_TRACT', 'CCFSTTG1_CENTRAL_NERVOUS_SYSTEM', 'DKMG_CENTRAL_NERVOUS_SYSTEM', 'EFM192A_BREAST', 'HCC1428_BREAST', 'HCC366_LUNG', 'HCC38_BREAST', 'HT1080_SOFT_TISSUE', 'HUPT3_PANCREAS', 'HUPT4_PANCREAS', 'IGR1_SKIN', 'JHOC5_OVARY', 'KPNSI9S_AUTONOMIC_GANGLIA', 'MKN7_STOMACH', 'NCIH2087_LUNG', 'NCIH650_LUNG', 'NCIH747_LARGE_INTESTINE', 'OAW28_OVARY', 'OUMS23_LARGE_INTESTINE', 'OVK18_OVARY', 'PK59_PANCREAS', 'RCC10RGB_KIDNEY', 'RERFLCAD1_LUNG', 'RERFLCAI_LUNG', 'RT4_URINARY_TRACT', 'SH10TC_STOMACH', 'SNUC4_LARGE_INTESTINE', 'SW1990_PANCREAS']",7,0.026996310315025883,75,mlp,0.0,mse,42
1,X_pca,124,105,75,19,29,"['BT549_BREAST', 'CAS1_CENTRAL_NERVOUS_SYSTEM', 'HEC6_ENDOMETRIUM', 'HT55_LARGE_INTESTINE', 'KMRC3_KIDNEY', 'MCF7_BREAST', 'MDAMB361_BREAST', 'MKN45_STOMACH', 'MSTO211H_PLEURA', 'NCIH2110_LUNG', 'NCIH226_LUNG', 'NCIH358_LUNG', 'OVCAR4_OVARY', 'PC3_PROSTATE', 'PECAPJ49_UPPER_AERODIGESTIVE_TRACT', 'RD_SOFT_TISSUE', 'SKMEL2_SKIN', 'SKMEL30_SKIN', 'SNU1079_BILIARY_TRACT', 'SNU1214_UPPER_AERODIGESTIVE_TRACT', 'SNU308_BILIARY_TRACT', 'SNU738_CENTRAL_NERVOUS_SYSTEM', 'SU8686_PANCREAS', 'SW1271_LUNG', 'T47D_BREAST', 'TE14_OESOPHAGUS', 'UACC257_SKIN', 'UMUC1_URINARY_TRACT', 'ZR751_BREAST']",11,0.015192220328327304,75,mlp,0.0,mse,43
2,X_pca,122,103,75,19,31,"['ACCMESO1_PLEURA', 'COLO792_SKIN', 'DETROIT562_UPPER_AERODIGESTIVE_TRACT', 'EKVX_LUNG', 'GOS3_CENTRAL_NERVOUS_SYSTEM', 'HEP3B217_LIVER', 'HMC18_BREAST', 'HUH28_BILIARY_TRACT', 'IGR37_SKIN', 'KALS1_CENTRAL_NERVOUS_SYSTEM', 'KYSE520_OESOPHAGUS', 'LMSU_STOMACH', 'LNCAPCLONEFGC_PROSTATE', 'MFE319_ENDOMETRIUM', 'NCIH1299_LUNG', 'NCIH1944_LUNG', 'NCIH522_LUNG', 'ONCODG1_OVARY', 'OVSAHO_OVARY', 'OVTOKO_OVARY', 'PATU8988S_PANCREAS', 'SCC25_UPPER_AERODIGESTIVE_TRACT', 'SCC9_UPPER_AERODIGESTIVE_TRACT', 'SKES1_BONE', 'SKNAS_AUTONOMIC_GANGLIA', 'SNU899_UPPER_AERODIGESTIVE_TRACT', 'TE6_OESOPHAGUS', 'TE9_OESOPHAGUS', 'TM31_CENTRAL_NERVOUS_SYSTEM', 'TOV112D_OVARY', 'VMRCRCZ_KIDNEY']",1,0.01860072035205209,75,mlp,0.0,mse,43
3,X_pca,122,103,75,19,31,"['A375_SKIN', 'BHY_UPPER_AERODIGESTIVE_TRACT', 'BICR31_UPPER_AERODIGESTIVE_TRACT', 'BICR56_UPPER_AERODIGESTIVE_TRACT', 'CALU6_LUNG', 'CAMA1_BREAST', 'COLO741_SKIN', 'EBC1_LUNG', 'FTC133_THYROID', 'HCC56_LARGE_INTESTINE', 'HDQP1_BREAST', 'HEC251_ENDOMETRIUM', 'HS852T_SKIN', 'JHH6_LIVER', 'KPL1_BREAST', 'LS180_LARGE_INTESTINE', 'NCIH1373_LUNG', 'NCIH1435_LUNG', 'NCIH2228_LUNG', 'NCIH2444_LUNG', 'NCIH2452_PLEURA', 'NCIH292_LUNG', 'NCIH446_LUNG', 'NCIH460_LUNG', 'OSRC2_KIDNEY', 'PANC0203_PANCREAS', 'RCM1_LARGE_INTESTINE', 'SNU449_LIVER', 'SQ1_LUNG', 'SW579_THYROID', 'TCCSUP_URINARY_TRACT']",1,0.01558138573860325,75,mlp,0.0,mse,43
4,X_pca,122,103,75,19,31,"['42MGBA_CENTRAL_NERVOUS_SYSTEM', '8305C_THYROID', 'A204_SOFT_TISSUE', 'ASPC1_PANCREAS', 'BCPAP_THYROID', 'BT474_BREAST', 'CAKI2_KIDNEY', 'COV434_OVARY', 'EFE184_ENDOMETRIUM', 'HEC151_ENDOMETRIUM', 'HOS_BONE', 'HT1197_URINARY_TRACT', 'HUH6_LIVER', 'IALM_LUNG', 'IM95_STOMACH', 'KNS42_CENTRAL_NERVOUS_SYSTEM', 'LI7_LIVER', 'LS1034_LARGE_INTESTINE', 'NCIH1792_LUNG', 'NCIH2126_LUNG', 'NCIH2170_LUNG', 'PK45H_PANCREAS', 'RVH421_SKIN', 'SKMEL5_SKIN', 'SNU423_LIVER', 'SNU46_UPPER_AERODIGESTIVE_TRACT', 'SW1088_CENTRAL_NERVOUS_SYSTEM', 'TE10_OESOPHAGUS', 'TE1_OESOPHAGUS', 'VMCUB1_URINARY_TRACT', 'YD38_UPPER_AERODIGESTIVE_TRACT']",5,0.02080661485940484,75,mlp,0.0,mse,43
5,X_pca,122,103,75,19,31,"['A2058_SKIN', 'BFTC909_KIDNEY', 'BICR16_UPPER_AERODIGESTIVE_TRACT', 'BICR6_UPPER_AERODIGESTIVE_TRACT', 'CCFSTTG1_CENTRAL_NERVOUS_SYSTEM', 'DKMG_CENTRAL_NERVOUS_SYSTEM', 'EFM192A_BREAST', 'HCC1428_BREAST', 'HCC366_LUNG', 'HCC38_BREAST', 'HT1080_SOFT_TISSUE', 'HUPT3_PANCREAS', 'HUPT4_PANCREAS', 'IGR1_SKIN', 'JHOC5_OVARY', 'KPNSI9S_AUTONOMIC_GANGLIA', 'MKN7_STOMACH', 'NCIH2087_LUNG', 'NCIH650_LUNG', 'NCIH747_LARGE_INTESTINE', 'OAW28_OVARY', 'OUMS23_LARGE_INTESTINE', 'OVK18_OVARY', 'PK59_PANCREAS', 'RCC10RGB_KIDNEY', 'RERFLCAD1_LUNG', 'RERFLCAI_LUNG', 'RT4_URINARY_TRACT', 'SH10TC_STOMACH', 'SNUC4_LARGE_INTESTINE', 'SW1990_PANCREAS']",2,0.02500551701100336,75,mlp,0.0,mse,43
1,X_pca,124,105,75,19,29,"['BT549_BREAST', 'CAS1_CENTRAL_NERVOUS_SYSTEM', 'HEC6_ENDOMETRIUM', 'HT55_LARGE_INTESTINE', 'KMRC3_KIDNEY', 'MCF7_BREAST', 'MDAMB361_BREAST', 'MKN45_STOMACH', 'MSTO211H_PLEURA', 'NCIH2110_LUNG', 'NCIH226_LUNG', 'NCIH358_LUNG', 'OVCAR4_OVARY', 'PC3_PROSTATE', 'PECAPJ49_UPPER_AERODIGESTIVE_TRACT', 'RD_SOFT_TISSUE', 'SKMEL2_SKIN', 'SKMEL30_SKIN', 'SNU1079_BILIARY_TRACT', 'SNU1214_UPPER_AERODIGESTIVE_TRACT', 'SNU308_BILIARY_TRACT', 'SNU738_CENTRAL_NERVOUS_SYSTEM', 'SU8686_PANCREAS', 'SW1271_LUNG', 'T47D_BREAST', 'TE14_OESOPHAGUS', 'UACC257_SKIN', 'UMUC1_URINARY_TRACT', 'ZR751_BREAST']",22,0.016004686156139862,75,mlp,0.0,mse,44
2,X_pca,122,103,75,19,31,"['ACCMESO1_PLEURA', 'COLO792_SKIN', 'DETROIT562_UPPER_AERODIGESTIVE_TRACT', 'EKVX_LUNG', 'GOS3_CENTRAL_NERVOUS_SYSTEM', 'HEP3B217_LIVER', 'HMC18_BREAST', 'HUH28_BILIARY_TRACT', 'IGR37_SKIN', 'KALS1_CENTRAL_NERVOUS_SYSTEM', 'KYSE520_OESOPHAGUS', 'LMSU_STOMACH', 'LNCAPCLONEFGC_PROSTATE', 'MFE319_ENDOMETRIUM', 'NCIH1299_LUNG', 'NCIH1944_LUNG', 'NCIH522_LUNG', 'ONCODG1_OVARY', 'OVSAHO_OVARY', 'OVTOKO_OVARY', 'PATU8988S_PANCREAS', 'SCC25_UPPER_AERODIGESTIVE_TRACT', 'SCC9_UPPER_AERODIGESTIVE_TRACT', 'SKES1_BONE', 'SKNAS_AUTONOMIC_GANGLIA', 'SNU899_UPPER_AERODIGESTIVE_TRACT', 'TE6_OESOPHAGUS', 'TE9_OESOPHAGUS', 'TM31_CENTRAL_NERVOUS_SYSTEM', 'TOV112D_OVARY', 'VMRCRCZ_KIDNEY']",23,0.019688730720045306,75,mlp,0.0,mse,44
3,X_pca,122,103,75,19,31,"['A375_SKIN', 'BHY_UPPER_AERODIGESTIVE_TRACT', 'BICR31_UPPER_AERODIGESTIVE_TRACT', 'BICR56_UPPER_AERODIGESTIVE_TRACT', 'CALU6_LUNG', 'CAMA1_BREAST', 'COLO741_SKIN', 'EBC1_LUNG', 'FTC133_THYROID', 'HCC56_LARGE_INTESTINE', 'HDQP1_BREAST', 'HEC251_ENDOMETRIUM', 'HS852T_SKIN', 'JHH6_LIVER', 'KPL1_BREAST', 'LS180_LARGE_INTESTINE', 'NCIH1373_LUNG', 'NCIH1435_LUNG', 'NCIH2228_LUNG', 'NCIH2444_LUNG', 'NCIH2452_PLEURA', 'NCIH292_LUNG', 'NCIH446_LUNG', 'NCIH460_LUNG', 'OSRC2_KIDNEY', 'PANC0203_PANCREAS', 'RCM1_LARGE_INTESTINE', 'SNU449_LIVER', 'SQ1_LUNG', 'SW579_THYROID', 'TCCSUP_URINARY_TRACT']",2,0.016196932457361816,75,mlp,0.0,mse,44
4,X_pca,122,103,75,19,31,"['42MGBA_CENTRAL_NERVOUS_SYSTEM', '8305C_THYROID', 'A204_SOFT_TISSUE', 'ASPC1_PANCREAS', 'BCPAP_THYROID', 'BT474_BREAST', 'CAKI2_KIDNEY', 'COV434_OVARY', 'EFE184_ENDOMETRIUM', 'HEC151_ENDOMETRIUM', 'HOS_BONE', 'HT1197_URINARY_TRACT', 'HUH6_LIVER', 'IALM_LUNG', 'IM95_STOMACH', 'KNS42_CENTRAL_NERVOUS_SYSTEM', 'LI7_LIVER', 'LS1034_LARGE_INTESTINE', 'NCIH1792_LUNG', 'NCIH2126_LUNG', 'NCIH2170_LUNG', 'PK45H_PANCREAS', 'RVH421_SKIN', 'SKMEL5_SKIN', 'SNU423_LIVER', 'SNU46_UPPER_AERODIGESTIVE_TRACT', 'SW1088_CENTRAL_NERVOUS_SYSTEM', 'TE10_OESOPHAGUS', 'TE1_OESOPHAGUS', 'VMCUB1_URINARY_TRACT', 'YD38_UPPER_AERODIGESTIVE_TRACT']",1,0.019850656220314927,75,mlp,0.0,mse,44
5,X_pca,122,103,75,19,31,"['A2058_SKIN', 'BFTC909_KIDNEY', 'BICR16_UPPER_AERODIGESTIVE_TRACT', 'BICR6_UPPER_AERODIGESTIVE_TRACT', 'CCFSTTG1_CENTRAL_NERVOUS_SYSTEM', 'DKMG_CENTRAL_NERVOUS_SYSTEM', 'EFM192A_BREAST', 'HCC1428_BREAST', 'HCC366_LUNG', 'HCC38_BREAST', 'HT1080_SOFT_TISSUE', 'HUPT3_PANCREAS', 'HUPT4_PANCREAS', 'IGR1_SKIN', 'JHOC5_OVARY', 'KPNSI9S_AUTONOMIC_GANGLIA', 'MKN7_STOMACH', 'NCIH2087_LUNG', 'NCIH650_LUNG', 'NCIH747_LARGE_INTESTINE', 'OAW28_OVARY', 'OUMS23_LARGE_INTESTINE', 'OVK18_OVARY', 'PK59_PANCREAS', 'RCC10RGB_KIDNEY', 'RERFLCAD1_LUNG', 'RERFLCAI_LUNG', 'RT4_URINARY_TRACT', 'SH10TC_STOMACH', 'SNUC4_LARGE_INTESTINE', 'SW1990_PANCREAS']",8,0.024186951531462032,75,mlp,0.0,mse,44
1,X_scGPT,124,105,75,19,29,"['BT549_BREAST', 'CAS1_CENTRAL_NERVOUS_SYSTEM', 'HEC6_ENDOMETRIUM', 'HT55_LARGE_INTESTINE', 'KMRC3_KIDNEY', 'MCF7_BREAST', 'MDAMB361_BREAST', 'MKN45_STOMACH', 'MSTO211H_PLEURA', 'NCIH2110_LUNG', 'NCIH226_LUNG', 'NCIH358_LUNG', 'OVCAR4_OVARY', 'PC3_PROSTATE', 'PECAPJ49_UPPER_AERODIGESTIVE_TRACT', 'RD_SOFT_TISSUE', 'SKMEL2_SKIN', 'SKMEL30_SKIN', 'SNU1079_BILIARY_TRACT', 'SNU1214_UPPER_AERODIGESTIVE_TRACT', 'SNU308_BILIARY_TRACT', 'SNU738_CENTRAL_NERVOUS_SYSTEM', 'SU8686_PANCREAS', 'SW1271_LUNG', 'T47D_BREAST', 'TE14_OESOPHAGUS', 'UACC257_SKIN', 'UMUC1_URINARY_TRACT', 'ZR751_BREAST']",3,0.014883962168710237,75,mlp,0.0,mse,42
2,X_scGPT,122,103,75,19,31,"['ACCMESO1_PLEURA', 'COLO792_SKIN', 'DETROIT562_UPPER_AERODIGESTIVE_TRACT', 'EKVX_LUNG', 'GOS3_CENTRAL_NERVOUS_SYSTEM', 'HEP3B217_LIVER', 'HMC18_BREAST', 'HUH28_BILIARY_TRACT', 'IGR37_SKIN', 'KALS1_CENTRAL_NERVOUS_SYSTEM', 'KYSE520_OESOPHAGUS', 'LMSU_STOMACH', 'LNCAPCLONEFGC_PROSTATE', 'MFE319_ENDOMETRIUM', 'NCIH1299_LUNG', 'NCIH1944_LUNG', 'NCIH522_LUNG', 'ONCODG1_OVARY', 'OVSAHO_OVARY', 'OVTOKO_OVARY', 'PATU8988S_PANCREAS', 'SCC25_UPPER_AERODIGESTIVE_TRACT', 'SCC9_UPPER_AERODIGESTIVE_TRACT', 'SKES1_BONE', 'SKNAS_AUTONOMIC_GANGLIA', 'SNU899_UPPER_AERODIGESTIVE_TRACT', 'TE6_OESOPHAGUS', 'TE9_OESOPHAGUS', 'TM31_CENTRAL_NERVOUS_SYSTEM', 'TOV112D_OVARY', 'VMRCRCZ_KIDNEY']",1,0.016160708958096515,75,mlp,0.0,mse,42
3,X_scGPT,122,103,75,19,31,"['A375_SKIN', 'BHY_UPPER_AERODIGESTIVE_TRACT', 'BICR31_UPPER_AERODIGESTIVE_TRACT', 'BICR56_UPPER_AERODIGESTIVE_TRACT', 'CALU6_LUNG', 'CAMA1_BREAST', 'COLO741_SKIN', 'EBC1_LUNG', 'FTC133_THYROID', 'HCC56_LARGE_INTESTINE', 'HDQP1_BREAST', 'HEC251_ENDOMETRIUM', 'HS852T_SKIN', 'JHH6_LIVER', 'KPL1_BREAST', 'LS180_LARGE_INTESTINE', 'NCIH1373_LUNG', 'NCIH1435_LUNG', 'NCIH2228_LUNG', 'NCIH2444_LUNG', 'NCIH2452_PLEURA', 'NCIH292_LUNG', 'NCIH446_LUNG', 'NCIH460_LUNG', 'OSRC2_KIDNEY', 'PANC0203_PANCREAS', 'RCM1_LARGE_INTESTINE', 'SNU449_LIVER', 'SQ1_LUNG', 'SW579_THYROID', 'TCCSUP_URINARY_TRACT']",9,0.017394955430215207,75,mlp,0.0,mse,42
4,X_scGPT,122,103,75,19,31,"['42MGBA_CENTRAL_NERVOUS_SYSTEM', '8305C_THYROID', 'A204_SOFT_TISSUE', 'ASPC1_PANCREAS', 'BCPAP_THYROID', 'BT474_BREAST', 'CAKI2_KIDNEY', 'COV434_OVARY', 'EFE184_ENDOMETRIUM', 'HEC151_ENDOMETRIUM', 'HOS_BONE', 'HT1197_URINARY_TRACT', 'HUH6_LIVER', 'IALM_LUNG', 'IM95_STOMACH', 'KNS42_CENTRAL_NERVOUS_SYSTEM', 'LI7_LIVER', 'LS1034_LARGE_INTESTINE', 'NCIH1792_LUNG', 'NCIH2126_LUNG', 'NCIH2170_LUNG', 'PK45H_PANCREAS', 'RVH421_SKIN', 'SKMEL5_SKIN', 'SNU423_LIVER', 'SNU46_UPPER_AERODIGESTIVE_TRACT', 'SW1088_CENTRAL_NERVOUS_SYSTEM', 'TE10_OESOPHAGUS', 'TE1_OESOPHAGUS', 'VMCUB1_URINARY_TRACT', 'YD38_UPPER_AERODIGESTIVE_TRACT']",1,0.02090273446147459,75,mlp,0.0,mse,42
5,X_scGPT,122,103,75,19,31,"['A2058_SKIN', 'BFTC909_KIDNEY', 'BICR16_UPPER_AERODIGESTIVE_TRACT', 'BICR6_UPPER_AERODIGESTIVE_TRACT', 'CCFSTTG1_CENTRAL_NERVOUS_SYSTEM', 'DKMG_CENTRAL_NERVOUS_SYSTEM', 'EFM192A_BREAST', 'HCC1428_BREAST', 'HCC366_LUNG', 'HCC38_BREAST', 'HT1080_SOFT_TISSUE', 'HUPT3_PANCREAS', 'HUPT4_PANCREAS', 'IGR1_SKIN', 'JHOC5_OVARY', 'KPNSI9S_AUTONOMIC_GANGLIA', 'MKN7_STOMACH', 'NCIH2087_LUNG', 'NCIH650_LUNG', 'NCIH747_LARGE_INTESTINE', 'OAW28_OVARY', 'OUMS23_LARGE_INTESTINE', 'OVK18_OVARY', 'PK59_PANCREAS', 'RCC10RGB_KIDNEY', 'RERFLCAD1_LUNG', 'RERFLCAI_LUNG', 'RT4_URINARY_TRACT', 'SH10TC_STOMACH', 'SNUC4_LARGE_INTESTINE', 'SW1990_PANCREAS']",1,0.02669502288540298,75,mlp,0.0,mse,42
1,X_scGPT,124,105,75,19,29,"['BT549_BREAST', 'CAS1_CENTRAL_NERVOUS_SYSTEM', 'HEC6_ENDOMETRIUM', 'HT55_LARGE_INTESTINE', 'KMRC3_KIDNEY', 'MCF7_BREAST', 'MDAMB361_BREAST', 'MKN45_STOMACH', 'MSTO211H_PLEURA', 'NCIH2110_LUNG', 'NCIH226_LUNG', 'NCIH358_LUNG', 'OVCAR4_OVARY', 'PC3_PROSTATE', 'PECAPJ49_UPPER_AERODIGESTIVE_TRACT', 'RD_SOFT_TISSUE', 'SKMEL2_SKIN', 'SKMEL30_SKIN', 'SNU1079_BILIARY_TRACT', 'SNU1214_UPPER_AERODIGESTIVE_TRACT', 'SNU308_BILIARY_TRACT', 'SNU738_CENTRAL_NERVOUS_SYSTEM', 'SU8686_PANCREAS', 'SW1271_LUNG', 'T47D_BREAST', 'TE14_OESOPHAGUS', 'UACC257_SKIN', 'UMUC1_URINARY_TRACT', 'ZR751_BREAST']",1,0.015549255168655421,75,mlp,0.0,mse,43
2,X_scGPT,122,103,75,19,31,"['ACCMESO1_PLEURA', 'COLO792_SKIN', 'DETROIT562_UPPER_AERODIGESTIVE_TRACT', 'EKVX_LUNG', 'GOS3_CENTRAL_NERVOUS_SYSTEM', 'HEP3B217_LIVER', 'HMC18_BREAST', 'HUH28_BILIARY_TRACT', 'IGR37_SKIN', 'KALS1_CENTRAL_NERVOUS_SYSTEM', 'KYSE520_OESOPHAGUS', 'LMSU_STOMACH', 'LNCAPCLONEFGC_PROSTATE', 'MFE319_ENDOMETRIUM', 'NCIH1299_LUNG', 'NCIH1944_LUNG', 'NCIH522_LUNG', 'ONCODG1_OVARY', 'OVSAHO_OVARY', 'OVTOKO_OVARY', 'PATU8988S_PANCREAS', 'SCC25_UPPER_AERODIGESTIVE_TRACT', 'SCC9_UPPER_AERODIGESTIVE_TRACT', 'SKES1_BONE', 'SKNAS_AUTONOMIC_GANGLIA', 'SNU899_UPPER_AERODIGESTIVE_TRACT', 'TE6_OESOPHAGUS', 'TE9_OESOPHAGUS', 'TM31_CENTRAL_NERVOUS_SYSTEM', 'TOV112D_OVARY', 'VMRCRCZ_KIDNEY']",1,0.015617303480434426,75,mlp,0.0,mse,43
3,X_scGPT,122,103,75,19,31,"['A375_SKIN', 'BHY_UPPER_AERODIGESTIVE_TRACT', 'BICR31_UPPER_AERODIGESTIVE_TRACT', 'BICR56_UPPER_AERODIGESTIVE_TRACT', 'CALU6_LUNG', 'CAMA1_BREAST', 'COLO741_SKIN', 'EBC1_LUNG', 'FTC133_THYROID', 'HCC56_LARGE_INTESTINE', 'HDQP1_BREAST', 'HEC251_ENDOMETRIUM', 'HS852T_SKIN', 'JHH6_LIVER', 'KPL1_BREAST', 'LS180_LARGE_INTESTINE', 'NCIH1373_LUNG', 'NCIH1435_LUNG', 'NCIH2228_LUNG', 'NCIH2444_LUNG', 'NCIH2452_PLEURA', 'NCIH292_LUNG', 'NCIH446_LUNG', 'NCIH460_LUNG', 'OSRC2_KIDNEY', 'PANC0203_PANCREAS', 'RCM1_LARGE_INTESTINE', 'SNU449_LIVER', 'SQ1_LUNG', 'SW579_THYROID', 'TCCSUP_URINARY_TRACT']",1,0.019568692438701202,75,mlp,0.0,mse,43
4,X_scGPT,122,103,75,19,31,"['42MGBA_CENTRAL_NERVOUS_SYSTEM', '8305C_THYROID', 'A204_SOFT_TISSUE', 'ASPC1_PANCREAS', 'BCPAP_THYROID', 'BT474_BREAST', 'CAKI2_KIDNEY', 'COV434_OVARY', 'EFE184_ENDOMETRIUM', 'HEC151_ENDOMETRIUM', 'HOS_BONE', 'HT1197_URINARY_TRACT', 'HUH6_LIVER', 'IALM_LUNG', 'IM95_STOMACH', 'KNS42_CENTRAL_NERVOUS_SYSTEM', 'LI7_LIVER', 'LS1034_LARGE_INTESTINE', 'NCIH1792_LUNG', 'NCIH2126_LUNG', 'NCIH2170_LUNG', 'PK45H_PANCREAS', 'RVH421_SKIN', 'SKMEL5_SKIN', 'SNU423_LIVER', 'SNU46_UPPER_AERODIGESTIVE_TRACT', 'SW1088_CENTRAL_NERVOUS_SYSTEM', 'TE10_OESOPHAGUS', 'TE1_OESOPHAGUS', 'VMCUB1_URINARY_TRACT', 'YD38_UPPER_AERODIGESTIVE_TRACT']",1,0.021863193473454116,75,mlp,0.0,mse,43
5,X_scGPT,122,103,75,19,31,"['A2058_SKIN', 'BFTC909_KIDNEY', 'BICR16_UPPER_AERODIGESTIVE_TRACT', 'BICR6_UPPER_AERODIGESTIVE_TRACT', 'CCFSTTG1_CENTRAL_NERVOUS_SYSTEM', 'DKMG_CENTRAL_NERVOUS_SYSTEM', 'EFM192A_BREAST', 'HCC1428_BREAST', 'HCC366_LUNG', 'HCC38_BREAST', 'HT1080_SOFT_TISSUE', 'HUPT3_PANCREAS', 'HUPT4_PANCREAS', 'IGR1_SKIN', 'JHOC5_OVARY', 'KPNSI9S_AUTONOMIC_GANGLIA', 'MKN7_STOMACH', 'NCIH2087_LUNG', 'NCIH650_LUNG', 'NCIH747_LARGE_INTESTINE', 'OAW28_OVARY', 'OUMS23_LARGE_INTESTINE', 'OVK18_OVARY', 'PK59_PANCREAS', 'RCC10RGB_KIDNEY', 'RERFLCAD1_LUNG', 'RERFLCAI_LUNG', 'RT4_URINARY_TRACT', 'SH10TC_STOMACH', 'SNUC4_LARGE_INTESTINE', 'SW1990_PANCREAS']",1,0.026699769448710383,75,mlp,0.0,mse,43
1,X_scGPT,124,105,75,19,29,"['BT549_BREAST', 'CAS1_CENTRAL_NERVOUS_SYSTEM', 'HEC6_ENDOMETRIUM', 'HT55_LARGE_INTESTINE', 'KMRC3_KIDNEY', 'MCF7_BREAST', 'MDAMB361_BREAST', 'MKN45_STOMACH', 'MSTO211H_PLEURA', 'NCIH2110_LUNG', 'NCIH226_LUNG', 'NCIH358_LUNG', 'OVCAR4_OVARY', 'PC3_PROSTATE', 'PECAPJ49_UPPER_AERODIGESTIVE_TRACT', 'RD_SOFT_TISSUE', 'SKMEL2_SKIN', 'SKMEL30_SKIN', 'SNU1079_BILIARY_TRACT', 'SNU1214_UPPER_AERODIGESTIVE_TRACT', 'SNU308_BILIARY_TRACT', 'SNU738_CENTRAL_NERVOUS_SYSTEM', 'SU8686_PANCREAS', 'SW1271_LUNG', 'T47D_BREAST', 'TE14_OESOPHAGUS', 'UACC257_SKIN', 'UMUC1_URINARY_TRACT', 'ZR751_BREAST']",9,0.015838361616751447,75,mlp,0.0,mse,44
2,X_scGPT,122,103,75,19,31,"['ACCMESO1_PLEURA', 'COLO792_SKIN', 'DETROIT562_UPPER_AERODIGESTIVE_TRACT', 'EKVX_LUNG', 'GOS3_CENTRAL_NERVOUS_SYSTEM', 'HEP3B217_LIVER', 'HMC18_BREAST', 'HUH28_BILIARY_TRACT', 'IGR37_SKIN', 'KALS1_CENTRAL_NERVOUS_SYSTEM', 'KYSE520_OESOPHAGUS', 'LMSU_STOMACH', 'LNCAPCLONEFGC_PROSTATE', 'MFE319_ENDOMETRIUM', 'NCIH1299_LUNG', 'NCIH1944_LUNG', 'NCIH522_LUNG', 'ONCODG1_OVARY', 'OVSAHO_OVARY', 'OVTOKO_OVARY', 'PATU8988S_PANCREAS', 'SCC25_UPPER_AERODIGESTIVE_TRACT', 'SCC9_UPPER_AERODIGESTIVE_TRACT', 'SKES1_BONE', 'SKNAS_AUTONOMIC_GANGLIA', 'SNU899_UPPER_AERODIGESTIVE_TRACT', 'TE6_OESOPHAGUS', 'TE9_OESOPHAGUS', 'TM31_CENTRAL_NERVOUS_SYSTEM', 'TOV112D_OVARY', 'VMRCRCZ_KIDNEY']",2,0.016841886855338578,75,mlp,0.0,mse,44
3,X_scGPT,122,103,75,19,31,"['A375_SKIN', 'BHY_UPPER_AERODIGESTIVE_TRACT', 'BICR31_UPPER_AERODIGESTIVE_TRACT', 'BICR56_UPPER_AERODIGESTIVE_TRACT', 'CALU6_LUNG', 'CAMA1_BREAST', 'COLO741_SKIN', 'EBC1_LUNG', 'FTC133_THYROID', 'HCC56_LARGE_INTESTINE', 'HDQP1_BREAST', 'HEC251_ENDOMETRIUM', 'HS852T_SKIN', 'JHH6_LIVER', 'KPL1_BREAST', 'LS180_LARGE_INTESTINE', 'NCIH1373_LUNG', 'NCIH1435_LUNG', 'NCIH2228_LUNG', 'NCIH2444_LUNG', 'NCIH2452_PLEURA', 'NCIH292_LUNG', 'NCIH446_LUNG', 'NCIH460_LUNG', 'OSRC2_KIDNEY', 'PANC0203_PANCREAS', 'RCM1_LARGE_INTESTINE', 'SNU449_LIVER', 'SQ1_LUNG', 'SW579_THYROID', 'TCCSUP_URINARY_TRACT']",19,0.0170747537010553,75,mlp,0.0,mse,44
4,X_scGPT,122,103,75,19,31,"['42MGBA_CENTRAL_NERVOUS_SYSTEM', '8305C_THYROID', 'A204_SOFT_TISSUE', 'ASPC1_PANCREAS', 'BCPAP_THYROID', 'BT474_BREAST', 'CAKI2_KIDNEY', 'COV434_OVARY', 'EFE184_ENDOMETRIUM', 'HEC151_ENDOMETRIUM', 'HOS_BONE', 'HT1197_URINARY_TRACT', 'HUH6_LIVER', 'IALM_LUNG', 'IM95_STOMACH', 'KNS42_CENTRAL_NERVOUS_SYSTEM', 'LI7_LIVER', 'LS1034_LARGE_INTESTINE', 'NCIH1792_LUNG', 'NCIH2126_LUNG', 'NCIH2170_LUNG', 'PK45H_PANCREAS', 'RVH421_SKIN', 'SKMEL5_SKIN', 'SNU423_LIVER', 'SNU46_UPPER_AERODIGESTIVE_TRACT', 'SW1088_CENTRAL_NERVOUS_SYSTEM', 'TE10_OESOPHAGUS', 'TE1_OESOPHAGUS', 'VMCUB1_URINARY_TRACT', 'YD38_UPPER_AERODIGESTIVE_TRACT']",1,0.02106495199992473,75,mlp,0.0,mse,44
5,X_scGPT,122,103,75,19,31,"['A2058_SKIN', 'BFTC909_KIDNEY', 'BICR16_UPPER_AERODIGESTIVE_TRACT', 'BICR6_UPPER_AERODIGESTIVE_TRACT', 'CCFSTTG1_CENTRAL_NERVOUS_SYSTEM', 'DKMG_CENTRAL_NERVOUS_SYSTEM', 'EFM192A_BREAST', 'HCC1428_BREAST', 'HCC366_LUNG', 'HCC38_BREAST', 'HT1080_SOFT_TISSUE', 'HUPT3_PANCREAS', 'HUPT4_PANCREAS', 'IGR1_SKIN', 'JHOC5_OVARY', 'KPNSI9S_AUTONOMIC_GANGLIA', 'MKN7_STOMACH', 'NCIH2087_LUNG', 'NCIH650_LUNG', 'NCIH747_LARGE_INTESTINE', 'OAW28_OVARY', 'OUMS23_LARGE_INTESTINE', 'OVK18_OVARY', 'PK59_PANCREAS', 'RCC10RGB_KIDNEY', 'RERFLCAD1_LUNG', 'RERFLCAI_LUNG', 'RT4_URINARY_TRACT', 'SH10TC_STOMACH', 'SNUC4_LARGE_INTESTINE', 'SW1990_PANCREAS']",2,0.026564926861591166,75,mlp,0.0,mse,44
1,X_pca,124,105,105,19,29,"['BT549_BREAST', 'CAS1_CENTRAL_NERVOUS_SYSTEM', 'HEC6_ENDOMETRIUM', 'HT55_LARGE_INTESTINE', 'KMRC3_KIDNEY', 'MCF7_BREAST', 'MDAMB361_BREAST', 'MKN45_STOMACH', 'MSTO211H_PLEURA', 'NCIH2110_LUNG', 'NCIH226_LUNG', 'NCIH358_LUNG', 'OVCAR4_OVARY', 'PC3_PROSTATE', 'PECAPJ49_UPPER_AERODIGESTIVE_TRACT', 'RD_SOFT_TISSUE', 'SKMEL2_SKIN', 'SKMEL30_SKIN', 'SNU1079_BILIARY_TRACT', 'SNU1214_UPPER_AERODIGESTIVE_TRACT', 'SNU308_BILIARY_TRACT', 'SNU738_CENTRAL_NERVOUS_SYSTEM', 'SU8686_PANCREAS', 'SW1271_LUNG', 'T47D_BREAST', 'TE14_OESOPHAGUS', 'UACC257_SKIN', 'UMUC1_URINARY_TRACT', 'ZR751_BREAST']",21,0.01542524892540955,0,mlp,0.0,mse,42
2,X_pca,122,103,103,19,31,"['ACCMESO1_PLEURA', 'COLO792_SKIN', 'DETROIT562_UPPER_AERODIGESTIVE_TRACT', 'EKVX_LUNG', 'GOS3_CENTRAL_NERVOUS_SYSTEM', 'HEP3B217_LIVER', 'HMC18_BREAST', 'HUH28_BILIARY_TRACT', 'IGR37_SKIN', 'KALS1_CENTRAL_NERVOUS_SYSTEM', 'KYSE520_OESOPHAGUS', 'LMSU_STOMACH', 'LNCAPCLONEFGC_PROSTATE', 'MFE319_ENDOMETRIUM', 'NCIH1299_LUNG', 'NCIH1944_LUNG', 'NCIH522_LUNG', 'ONCODG1_OVARY', 'OVSAHO_OVARY', 'OVTOKO_OVARY', 'PATU8988S_PANCREAS', 'SCC25_UPPER_AERODIGESTIVE_TRACT', 'SCC9_UPPER_AERODIGESTIVE_TRACT', 'SKES1_BONE', 'SKNAS_AUTONOMIC_GANGLIA', 'SNU899_UPPER_AERODIGESTIVE_TRACT', 'TE6_OESOPHAGUS', 'TE9_OESOPHAGUS', 'TM31_CENTRAL_NERVOUS_SYSTEM', 'TOV112D_OVARY', 'VMRCRCZ_KIDNEY']",1,0.019125655980710064,0,mlp,0.0,mse,42
3,X_pca,122,103,103,19,31,"['A375_SKIN', 'BHY_UPPER_AERODIGESTIVE_TRACT', 'BICR31_UPPER_AERODIGESTIVE_TRACT', 'BICR56_UPPER_AERODIGESTIVE_TRACT', 'CALU6_LUNG', 'CAMA1_BREAST', 'COLO741_SKIN', 'EBC1_LUNG', 'FTC133_THYROID', 'HCC56_LARGE_INTESTINE', 'HDQP1_BREAST', 'HEC251_ENDOMETRIUM', 'HS852T_SKIN', 'JHH6_LIVER', 'KPL1_BREAST', 'LS180_LARGE_INTESTINE', 'NCIH1373_LUNG', 'NCIH1435_LUNG', 'NCIH2228_LUNG', 'NCIH2444_LUNG', 'NCIH2452_PLEURA', 'NCIH292_LUNG', 'NCIH446_LUNG', 'NCIH460_LUNG', 'OSRC2_KIDNEY', 'PANC0203_PANCREAS', 'RCM1_LARGE_INTESTINE', 'SNU449_LIVER', 'SQ1_LUNG', 'SW579_THYROID', 'TCCSUP_URINARY_TRACT']",15,0.015163571611139065,0,mlp,0.0,mse,42
4,X_pca,122,103,103,19,31,"['42MGBA_CENTRAL_NERVOUS_SYSTEM', '8305C_THYROID', 'A204_SOFT_TISSUE', 'ASPC1_PANCREAS', 'BCPAP_THYROID', 'BT474_BREAST', 'CAKI2_KIDNEY', 'COV434_OVARY', 'EFE184_ENDOMETRIUM', 'HEC151_ENDOMETRIUM', 'HOS_BONE', 'HT1197_URINARY_TRACT', 'HUH6_LIVER', 'IALM_LUNG', 'IM95_STOMACH', 'KNS42_CENTRAL_NERVOUS_SYSTEM', 'LI7_LIVER', 'LS1034_LARGE_INTESTINE', 'NCIH1792_LUNG', 'NCIH2126_LUNG', 'NCIH2170_LUNG', 'PK45H_PANCREAS', 'RVH421_SKIN', 'SKMEL5_SKIN', 'SNU423_LIVER', 'SNU46_UPPER_AERODIGESTIVE_TRACT', 'SW1088_CENTRAL_NERVOUS_SYSTEM', 'TE10_OESOPHAGUS', 'TE1_OESOPHAGUS', 'VMCUB1_URINARY_TRACT', 'YD38_UPPER_AERODIGESTIVE_TRACT']",20,0.020537425562947867,0,mlp,0.0,mse,42
5,X_pca,122,103,103,19,31,"['A2058_SKIN', 'BFTC909_KIDNEY', 'BICR16_UPPER_AERODIGESTIVE_TRACT', 'BICR6_UPPER_AERODIGESTIVE_TRACT', 'CCFSTTG1_CENTRAL_NERVOUS_SYSTEM', 'DKMG_CENTRAL_NERVOUS_SYSTEM', 'EFM192A_BREAST', 'HCC1428_BREAST', 'HCC366_LUNG', 'HCC38_BREAST', 'HT1080_SOFT_TISSUE', 'HUPT3_PANCREAS', 'HUPT4_PANCREAS', 'IGR1_SKIN', 'JHOC5_OVARY', 'KPNSI9S_AUTONOMIC_GANGLIA', 'MKN7_STOMACH', 'NCIH2087_LUNG', 'NCIH650_LUNG', 'NCIH747_LARGE_INTESTINE', 'OAW28_OVARY', 'OUMS23_LARGE_INTESTINE', 'OVK18_OVARY', 'PK59_PANCREAS', 'RCC10RGB_KIDNEY', 'RERFLCAD1_LUNG', 'RERFLCAI_LUNG', 'RT4_URINARY_TRACT', 'SH10TC_STOMACH', 'SNUC4_LARGE_INTESTINE', 'SW1990_PANCREAS']",6,0.024520130855851856,0,mlp,0.0,mse,42
1,X_pca,124,105,105,19,29,"['BT549_BREAST', 'CAS1_CENTRAL_NERVOUS_SYSTEM', 'HEC6_ENDOMETRIUM', 'HT55_LARGE_INTESTINE', 'KMRC3_KIDNEY', 'MCF7_BREAST', 'MDAMB361_BREAST', 'MKN45_STOMACH', 'MSTO211H_PLEURA', 'NCIH2110_LUNG', 'NCIH226_LUNG', 'NCIH358_LUNG', 'OVCAR4_OVARY', 'PC3_PROSTATE', 'PECAPJ49_UPPER_AERODIGESTIVE_TRACT', 'RD_SOFT_TISSUE', 'SKMEL2_SKIN', 'SKMEL30_SKIN', 'SNU1079_BILIARY_TRACT', 'SNU1214_UPPER_AERODIGESTIVE_TRACT', 'SNU308_BILIARY_TRACT', 'SNU738_CENTRAL_NERVOUS_SYSTEM', 'SU8686_PANCREAS', 'SW1271_LUNG', 'T47D_BREAST', 'TE14_OESOPHAGUS', 'UACC257_SKIN', 'UMUC1_URINARY_TRACT', 'ZR751_BREAST']",7,0.015553895997060955,0,mlp,0.0,mse,43
2,X_pca,122,103,103,19,31,"['ACCMESO1_PLEURA', 'COLO792_SKIN', 'DETROIT562_UPPER_AERODIGESTIVE_TRACT', 'EKVX_LUNG', 'GOS3_CENTRAL_NERVOUS_SYSTEM', 'HEP3B217_LIVER', 'HMC18_BREAST', 'HUH28_BILIARY_TRACT', 'IGR37_SKIN', 'KALS1_CENTRAL_NERVOUS_SYSTEM', 'KYSE520_OESOPHAGUS', 'LMSU_STOMACH', 'LNCAPCLONEFGC_PROSTATE', 'MFE319_ENDOMETRIUM', 'NCIH1299_LUNG', 'NCIH1944_LUNG', 'NCIH522_LUNG', 'ONCODG1_OVARY', 'OVSAHO_OVARY', 'OVTOKO_OVARY', 'PATU8988S_PANCREAS', 'SCC25_UPPER_AERODIGESTIVE_TRACT', 'SCC9_UPPER_AERODIGESTIVE_TRACT', 'SKES1_BONE', 'SKNAS_AUTONOMIC_GANGLIA', 'SNU899_UPPER_AERODIGESTIVE_TRACT', 'TE6_OESOPHAGUS', 'TE9_OESOPHAGUS', 'TM31_CENTRAL_NERVOUS_SYSTEM', 'TOV112D_OVARY', 'VMRCRCZ_KIDNEY']",14,0.0191325637973885,0,mlp,0.0,mse,43
3,X_pca,122,103,103,19,31,"['A375_SKIN', 'BHY_UPPER_AERODIGESTIVE_TRACT', 'BICR31_UPPER_AERODIGESTIVE_TRACT', 'BICR56_UPPER_AERODIGESTIVE_TRACT', 'CALU6_LUNG', 'CAMA1_BREAST', 'COLO741_SKIN', 'EBC1_LUNG', 'FTC133_THYROID', 'HCC56_LARGE_INTESTINE', 'HDQP1_BREAST', 'HEC251_ENDOMETRIUM', 'HS852T_SKIN', 'JHH6_LIVER', 'KPL1_BREAST', 'LS180_LARGE_INTESTINE', 'NCIH1373_LUNG', 'NCIH1435_LUNG', 'NCIH2228_LUNG', 'NCIH2444_LUNG', 'NCIH2452_PLEURA', 'NCIH292_LUNG', 'NCIH446_LUNG', 'NCIH460_LUNG', 'OSRC2_KIDNEY', 'PANC0203_PANCREAS', 'RCM1_LARGE_INTESTINE', 'SNU449_LIVER', 'SQ1_LUNG', 'SW579_THYROID', 'TCCSUP_URINARY_TRACT']",1,0.015589985415058547,0,mlp,0.0,mse,43
4,X_pca,122,103,103,19,31,"['42MGBA_CENTRAL_NERVOUS_SYSTEM', '8305C_THYROID', 'A204_SOFT_TISSUE', 'ASPC1_PANCREAS', 'BCPAP_THYROID', 'BT474_BREAST', 'CAKI2_KIDNEY', 'COV434_OVARY', 'EFE184_ENDOMETRIUM', 'HEC151_ENDOMETRIUM', 'HOS_BONE', 'HT1197_URINARY_TRACT', 'HUH6_LIVER', 'IALM_LUNG', 'IM95_STOMACH', 'KNS42_CENTRAL_NERVOUS_SYSTEM', 'LI7_LIVER', 'LS1034_LARGE_INTESTINE', 'NCIH1792_LUNG', 'NCIH2126_LUNG', 'NCIH2170_LUNG', 'PK45H_PANCREAS', 'RVH421_SKIN', 'SKMEL5_SKIN', 'SNU423_LIVER', 'SNU46_UPPER_AERODIGESTIVE_TRACT', 'SW1088_CENTRAL_NERVOUS_SYSTEM', 'TE10_OESOPHAGUS', 'TE1_OESOPHAGUS', 'VMCUB1_URINARY_TRACT', 'YD38_UPPER_AERODIGESTIVE_TRACT']",11,0.020471857160299034,0,mlp,0.0,mse,43
5,X_pca,122,103,103,19,31,"['A2058_SKIN', 'BFTC909_KIDNEY', 'BICR16_UPPER_AERODIGESTIVE_TRACT', 'BICR6_UPPER_AERODIGESTIVE_TRACT', 'CCFSTTG1_CENTRAL_NERVOUS_SYSTEM', 'DKMG_CENTRAL_NERVOUS_SYSTEM', 'EFM192A_BREAST', 'HCC1428_BREAST', 'HCC366_LUNG', 'HCC38_BREAST', 'HT1080_SOFT_TISSUE', 'HUPT3_PANCREAS', 'HUPT4_PANCREAS', 'IGR1_SKIN', 'JHOC5_OVARY', 'KPNSI9S_AUTONOMIC_GANGLIA', 'MKN7_STOMACH', 'NCIH2087_LUNG', 'NCIH650_LUNG', 'NCIH747_LARGE_INTESTINE', 'OAW28_OVARY', 'OUMS23_LARGE_INTESTINE', 'OVK18_OVARY', 'PK59_PANCREAS', 'RCC10RGB_KIDNEY', 'RERFLCAD1_LUNG', 'RERFLCAI_LUNG', 'RT4_URINARY_TRACT', 'SH10TC_STOMACH', 'SNUC4_LARGE_INTESTINE', 'SW1990_PANCREAS']",15,0.024790171005546705,0,mlp,0.0,mse,43
1,X_pca,124,105,105,19,29,"['BT549_BREAST', 'CAS1_CENTRAL_NERVOUS_SYSTEM', 'HEC6_ENDOMETRIUM', 'HT55_LARGE_INTESTINE', 'KMRC3_KIDNEY', 'MCF7_BREAST', 'MDAMB361_BREAST', 'MKN45_STOMACH', 'MSTO211H_PLEURA', 'NCIH2110_LUNG', 'NCIH226_LUNG', 'NCIH358_LUNG', 'OVCAR4_OVARY', 'PC3_PROSTATE', 'PECAPJ49_UPPER_AERODIGESTIVE_TRACT', 'RD_SOFT_TISSUE', 'SKMEL2_SKIN', 'SKMEL30_SKIN', 'SNU1079_BILIARY_TRACT', 'SNU1214_UPPER_AERODIGESTIVE_TRACT', 'SNU308_BILIARY_TRACT', 'SNU738_CENTRAL_NERVOUS_SYSTEM', 'SU8686_PANCREAS', 'SW1271_LUNG', 'T47D_BREAST', 'TE14_OESOPHAGUS', 'UACC257_SKIN', 'UMUC1_URINARY_TRACT', 'ZR751_BREAST']",19,0.015401877798119456,0,mlp,0.0,mse,44
2,X_pca,122,103,103,19,31,"['ACCMESO1_PLEURA', 'COLO792_SKIN', 'DETROIT562_UPPER_AERODIGESTIVE_TRACT', 'EKVX_LUNG', 'GOS3_CENTRAL_NERVOUS_SYSTEM', 'HEP3B217_LIVER', 'HMC18_BREAST', 'HUH28_BILIARY_TRACT', 'IGR37_SKIN', 'KALS1_CENTRAL_NERVOUS_SYSTEM', 'KYSE520_OESOPHAGUS', 'LMSU_STOMACH', 'LNCAPCLONEFGC_PROSTATE', 'MFE319_ENDOMETRIUM', 'NCIH1299_LUNG', 'NCIH1944_LUNG', 'NCIH522_LUNG', 'ONCODG1_OVARY', 'OVSAHO_OVARY', 'OVTOKO_OVARY', 'PATU8988S_PANCREAS', 'SCC25_UPPER_AERODIGESTIVE_TRACT', 'SCC9_UPPER_AERODIGESTIVE_TRACT', 'SKES1_BONE', 'SKNAS_AUTONOMIC_GANGLIA', 'SNU899_UPPER_AERODIGESTIVE_TRACT', 'TE6_OESOPHAGUS', 'TE9_OESOPHAGUS', 'TM31_CENTRAL_NERVOUS_SYSTEM', 'TOV112D_OVARY', 'VMRCRCZ_KIDNEY']",23,0.01900534242470206,0,mlp,0.0,mse,44
3,X_pca,122,103,103,19,31,"['A375_SKIN', 'BHY_UPPER_AERODIGESTIVE_TRACT', 'BICR31_UPPER_AERODIGESTIVE_TRACT', 'BICR56_UPPER_AERODIGESTIVE_TRACT', 'CALU6_LUNG', 'CAMA1_BREAST', 'COLO741_SKIN', 'EBC1_LUNG', 'FTC133_THYROID', 'HCC56_LARGE_INTESTINE', 'HDQP1_BREAST', 'HEC251_ENDOMETRIUM', 'HS852T_SKIN', 'JHH6_LIVER', 'KPL1_BREAST', 'LS180_LARGE_INTESTINE', 'NCIH1373_LUNG', 'NCIH1435_LUNG', 'NCIH2228_LUNG', 'NCIH2444_LUNG', 'NCIH2452_PLEURA', 'NCIH292_LUNG', 'NCIH446_LUNG', 'NCIH460_LUNG', 'OSRC2_KIDNEY', 'PANC0203_PANCREAS', 'RCM1_LARGE_INTESTINE', 'SNU449_LIVER', 'SQ1_LUNG', 'SW579_THYROID', 'TCCSUP_URINARY_TRACT']",2,0.01516076563410866,0,mlp,0.0,mse,44
4,X_pca,122,103,103,19,31,"['42MGBA_CENTRAL_NERVOUS_SYSTEM', '8305C_THYROID', 'A204_SOFT_TISSUE', 'ASPC1_PANCREAS', 'BCPAP_THYROID', 'BT474_BREAST', 'CAKI2_KIDNEY', 'COV434_OVARY', 'EFE184_ENDOMETRIUM', 'HEC151_ENDOMETRIUM', 'HOS_BONE', 'HT1197_URINARY_TRACT', 'HUH6_LIVER', 'IALM_LUNG', 'IM95_STOMACH', 'KNS42_CENTRAL_NERVOUS_SYSTEM', 'LI7_LIVER', 'LS1034_LARGE_INTESTINE', 'NCIH1792_LUNG', 'NCIH2126_LUNG', 'NCIH2170_LUNG', 'PK45H_PANCREAS', 'RVH421_SKIN', 'SKMEL5_SKIN', 'SNU423_LIVER', 'SNU46_UPPER_AERODIGESTIVE_TRACT', 'SW1088_CENTRAL_NERVOUS_SYSTEM', 'TE10_OESOPHAGUS', 'TE1_OESOPHAGUS', 'VMCUB1_URINARY_TRACT', 'YD38_UPPER_AERODIGESTIVE_TRACT']",1,0.02057328267616446,0,mlp,0.0,mse,44
5,X_pca,122,103,103,19,31,"['A2058_SKIN', 'BFTC909_KIDNEY', 'BICR16_UPPER_AERODIGESTIVE_TRACT', 'BICR6_UPPER_AERODIGESTIVE_TRACT', 'CCFSTTG1_CENTRAL_NERVOUS_SYSTEM', 'DKMG_CENTRAL_NERVOUS_SYSTEM', 'EFM192A_BREAST', 'HCC1428_BREAST', 'HCC366_LUNG', 'HCC38_BREAST', 'HT1080_SOFT_TISSUE', 'HUPT3_PANCREAS', 'HUPT4_PANCREAS', 'IGR1_SKIN', 'JHOC5_OVARY', 'KPNSI9S_AUTONOMIC_GANGLIA', 'MKN7_STOMACH', 'NCIH2087_LUNG', 'NCIH650_LUNG', 'NCIH747_LARGE_INTESTINE', 'OAW28_OVARY', 'OUMS23_LARGE_INTESTINE', 'OVK18_OVARY', 'PK59_PANCREAS', 'RCC10RGB_KIDNEY', 'RERFLCAD1_LUNG', 'RERFLCAI_LUNG', 'RT4_URINARY_TRACT', 'SH10TC_STOMACH', 'SNUC4_LARGE_INTESTINE', 'SW1990_PANCREAS']",12,0.024303234558807722,0,mlp,0.0,mse,44
1,X_scGPT,124,105,105,19,29,"['BT549_BREAST', 'CAS1_CENTRAL_NERVOUS_SYSTEM', 'HEC6_ENDOMETRIUM', 'HT55_LARGE_INTESTINE', 'KMRC3_KIDNEY', 'MCF7_BREAST', 'MDAMB361_BREAST', 'MKN45_STOMACH', 'MSTO211H_PLEURA', 'NCIH2110_LUNG', 'NCIH226_LUNG', 'NCIH358_LUNG', 'OVCAR4_OVARY', 'PC3_PROSTATE', 'PECAPJ49_UPPER_AERODIGESTIVE_TRACT', 'RD_SOFT_TISSUE', 'SKMEL2_SKIN', 'SKMEL30_SKIN', 'SNU1079_BILIARY_TRACT', 'SNU1214_UPPER_AERODIGESTIVE_TRACT', 'SNU308_BILIARY_TRACT', 'SNU738_CENTRAL_NERVOUS_SYSTEM', 'SU8686_PANCREAS', 'SW1271_LUNG', 'T47D_BREAST', 'TE14_OESOPHAGUS', 'UACC257_SKIN', 'UMUC1_URINARY_TRACT', 'ZR751_BREAST']",3,0.014956858137463565,0,mlp,0.0,mse,42
2,X_scGPT,122,103,103,19,31,"['ACCMESO1_PLEURA', 'COLO792_SKIN', 'DETROIT562_UPPER_AERODIGESTIVE_TRACT', 'EKVX_LUNG', 'GOS3_CENTRAL_NERVOUS_SYSTEM', 'HEP3B217_LIVER', 'HMC18_BREAST', 'HUH28_BILIARY_TRACT', 'IGR37_SKIN', 'KALS1_CENTRAL_NERVOUS_SYSTEM', 'KYSE520_OESOPHAGUS', 'LMSU_STOMACH', 'LNCAPCLONEFGC_PROSTATE', 'MFE319_ENDOMETRIUM', 'NCIH1299_LUNG', 'NCIH1944_LUNG', 'NCIH522_LUNG', 'ONCODG1_OVARY', 'OVSAHO_OVARY', 'OVTOKO_OVARY', 'PATU8988S_PANCREAS', 'SCC25_UPPER_AERODIGESTIVE_TRACT', 'SCC9_UPPER_AERODIGESTIVE_TRACT', 'SKES1_BONE', 'SKNAS_AUTONOMIC_GANGLIA', 'SNU899_UPPER_AERODIGESTIVE_TRACT', 'TE6_OESOPHAGUS', 'TE9_OESOPHAGUS', 'TM31_CENTRAL_NERVOUS_SYSTEM', 'TOV112D_OVARY', 'VMRCRCZ_KIDNEY']",1,0.01526448516928986,0,mlp,0.0,mse,42
3,X_scGPT,122,103,103,19,31,"['A375_SKIN', 'BHY_UPPER_AERODIGESTIVE_TRACT', 'BICR31_UPPER_AERODIGESTIVE_TRACT', 'BICR56_UPPER_AERODIGESTIVE_TRACT', 'CALU6_LUNG', 'CAMA1_BREAST', 'COLO741_SKIN', 'EBC1_LUNG', 'FTC133_THYROID', 'HCC56_LARGE_INTESTINE', 'HDQP1_BREAST', 'HEC251_ENDOMETRIUM', 'HS852T_SKIN', 'JHH6_LIVER', 'KPL1_BREAST', 'LS180_LARGE_INTESTINE', 'NCIH1373_LUNG', 'NCIH1435_LUNG', 'NCIH2228_LUNG', 'NCIH2444_LUNG', 'NCIH2452_PLEURA', 'NCIH292_LUNG', 'NCIH446_LUNG', 'NCIH460_LUNG', 'OSRC2_KIDNEY', 'PANC0203_PANCREAS', 'RCM1_LARGE_INTESTINE', 'SNU449_LIVER', 'SQ1_LUNG', 'SW579_THYROID', 'TCCSUP_URINARY_TRACT']",18,0.01744869500419141,0,mlp,0.0,mse,42
4,X_scGPT,122,103,103,19,31,"['42MGBA_CENTRAL_NERVOUS_SYSTEM', '8305C_THYROID', 'A204_SOFT_TISSUE', 'ASPC1_PANCREAS', 'BCPAP_THYROID', 'BT474_BREAST', 'CAKI2_KIDNEY', 'COV434_OVARY', 'EFE184_ENDOMETRIUM', 'HEC151_ENDOMETRIUM', 'HOS_BONE', 'HT1197_URINARY_TRACT', 'HUH6_LIVER', 'IALM_LUNG', 'IM95_STOMACH', 'KNS42_CENTRAL_NERVOUS_SYSTEM', 'LI7_LIVER', 'LS1034_LARGE_INTESTINE', 'NCIH1792_LUNG', 'NCIH2126_LUNG', 'NCIH2170_LUNG', 'PK45H_PANCREAS', 'RVH421_SKIN', 'SKMEL5_SKIN', 'SNU423_LIVER', 'SNU46_UPPER_AERODIGESTIVE_TRACT', 'SW1088_CENTRAL_NERVOUS_SYSTEM', 'TE10_OESOPHAGUS', 'TE1_OESOPHAGUS', 'VMCUB1_URINARY_TRACT', 'YD38_UPPER_AERODIGESTIVE_TRACT']",1,0.021059579654012624,0,mlp,0.0,mse,42
5,X_scGPT,122,103,103,19,31,"['A2058_SKIN', 'BFTC909_KIDNEY', 'BICR16_UPPER_AERODIGESTIVE_TRACT', 'BICR6_UPPER_AERODIGESTIVE_TRACT', 'CCFSTTG1_CENTRAL_NERVOUS_SYSTEM', 'DKMG_CENTRAL_NERVOUS_SYSTEM', 'EFM192A_BREAST', 'HCC1428_BREAST', 'HCC366_LUNG', 'HCC38_BREAST', 'HT1080_SOFT_TISSUE', 'HUPT3_PANCREAS', 'HUPT4_PANCREAS', 'IGR1_SKIN', 'JHOC5_OVARY', 'KPNSI9S_AUTONOMIC_GANGLIA', 'MKN7_STOMACH', 'NCIH2087_LUNG', 'NCIH650_LUNG', 'NCIH747_LARGE_INTESTINE', 'OAW28_OVARY', 'OUMS23_LARGE_INTESTINE', 'OVK18_OVARY', 'PK59_PANCREAS', 'RCC10RGB_KIDNEY', 'RERFLCAD1_LUNG', 'RERFLCAI_LUNG', 'RT4_URINARY_TRACT', 'SH10TC_STOMACH', 'SNUC4_LARGE_INTESTINE', 'SW1990_PANCREAS']",1,0.026102508119503192,0,mlp,0.0,mse,42
1,X_scGPT,124,105,105,19,29,"['BT549_BREAST', 'CAS1_CENTRAL_NERVOUS_SYSTEM', 'HEC6_ENDOMETRIUM', 'HT55_LARGE_INTESTINE', 'KMRC3_KIDNEY', 'MCF7_BREAST', 'MDAMB361_BREAST', 'MKN45_STOMACH', 'MSTO211H_PLEURA', 'NCIH2110_LUNG', 'NCIH226_LUNG', 'NCIH358_LUNG', 'OVCAR4_OVARY', 'PC3_PROSTATE', 'PECAPJ49_UPPER_AERODIGESTIVE_TRACT', 'RD_SOFT_TISSUE', 'SKMEL2_SKIN', 'SKMEL30_SKIN', 'SNU1079_BILIARY_TRACT', 'SNU1214_UPPER_AERODIGESTIVE_TRACT', 'SNU308_BILIARY_TRACT', 'SNU738_CENTRAL_NERVOUS_SYSTEM', 'SU8686_PANCREAS', 'SW1271_LUNG', 'T47D_BREAST', 'TE14_OESOPHAGUS', 'UACC257_SKIN', 'UMUC1_URINARY_TRACT', 'ZR751_BREAST']",9,0.01504006334842185,0,mlp,0.0,mse,43
2,X_scGPT,122,103,103,19,31,"['ACCMESO1_PLEURA', 'COLO792_SKIN', 'DETROIT562_UPPER_AERODIGESTIVE_TRACT', 'EKVX_LUNG', 'GOS3_CENTRAL_NERVOUS_SYSTEM', 'HEP3B217_LIVER', 'HMC18_BREAST', 'HUH28_BILIARY_TRACT', 'IGR37_SKIN', 'KALS1_CENTRAL_NERVOUS_SYSTEM', 'KYSE520_OESOPHAGUS', 'LMSU_STOMACH', 'LNCAPCLONEFGC_PROSTATE', 'MFE319_ENDOMETRIUM', 'NCIH1299_LUNG', 'NCIH1944_LUNG', 'NCIH522_LUNG', 'ONCODG1_OVARY', 'OVSAHO_OVARY', 'OVTOKO_OVARY', 'PATU8988S_PANCREAS', 'SCC25_UPPER_AERODIGESTIVE_TRACT', 'SCC9_UPPER_AERODIGESTIVE_TRACT', 'SKES1_BONE', 'SKNAS_AUTONOMIC_GANGLIA', 'SNU899_UPPER_AERODIGESTIVE_TRACT', 'TE6_OESOPHAGUS', 'TE9_OESOPHAGUS', 'TM31_CENTRAL_NERVOUS_SYSTEM', 'TOV112D_OVARY', 'VMRCRCZ_KIDNEY']",2,0.015292411330702046,0,mlp,0.0,mse,43
3,X_scGPT,122,103,103,19,31,"['A375_SKIN', 'BHY_UPPER_AERODIGESTIVE_TRACT', 'BICR31_UPPER_AERODIGESTIVE_TRACT', 'BICR56_UPPER_AERODIGESTIVE_TRACT', 'CALU6_LUNG', 'CAMA1_BREAST', 'COLO741_SKIN', 'EBC1_LUNG', 'FTC133_THYROID', 'HCC56_LARGE_INTESTINE', 'HDQP1_BREAST', 'HEC251_ENDOMETRIUM', 'HS852T_SKIN', 'JHH6_LIVER', 'KPL1_BREAST', 'LS180_LARGE_INTESTINE', 'NCIH1373_LUNG', 'NCIH1435_LUNG', 'NCIH2228_LUNG', 'NCIH2444_LUNG', 'NCIH2452_PLEURA', 'NCIH292_LUNG', 'NCIH446_LUNG', 'NCIH460_LUNG', 'OSRC2_KIDNEY', 'PANC0203_PANCREAS', 'RCM1_LARGE_INTESTINE', 'SNU449_LIVER', 'SQ1_LUNG', 'SW579_THYROID', 'TCCSUP_URINARY_TRACT']",12,0.01742050152000804,0,mlp,0.0,mse,43
4,X_scGPT,122,103,103,19,31,"['42MGBA_CENTRAL_NERVOUS_SYSTEM', '8305C_THYROID', 'A204_SOFT_TISSUE', 'ASPC1_PANCREAS', 'BCPAP_THYROID', 'BT474_BREAST', 'CAKI2_KIDNEY', 'COV434_OVARY', 'EFE184_ENDOMETRIUM', 'HEC151_ENDOMETRIUM', 'HOS_BONE', 'HT1197_URINARY_TRACT', 'HUH6_LIVER', 'IALM_LUNG', 'IM95_STOMACH', 'KNS42_CENTRAL_NERVOUS_SYSTEM', 'LI7_LIVER', 'LS1034_LARGE_INTESTINE', 'NCIH1792_LUNG', 'NCIH2126_LUNG', 'NCIH2170_LUNG', 'PK45H_PANCREAS', 'RVH421_SKIN', 'SKMEL5_SKIN', 'SNU423_LIVER', 'SNU46_UPPER_AERODIGESTIVE_TRACT', 'SW1088_CENTRAL_NERVOUS_SYSTEM', 'TE10_OESOPHAGUS', 'TE1_OESOPHAGUS', 'VMCUB1_URINARY_TRACT', 'YD38_UPPER_AERODIGESTIVE_TRACT']",1,0.02104664825925201,0,mlp,0.0,mse,43
5,X_scGPT,122,103,103,19,31,"['A2058_SKIN', 'BFTC909_KIDNEY', 'BICR16_UPPER_AERODIGESTIVE_TRACT', 'BICR6_UPPER_AERODIGESTIVE_TRACT', 'CCFSTTG1_CENTRAL_NERVOUS_SYSTEM', 'DKMG_CENTRAL_NERVOUS_SYSTEM', 'EFM192A_BREAST', 'HCC1428_BREAST', 'HCC366_LUNG', 'HCC38_BREAST', 'HT1080_SOFT_TISSUE', 'HUPT3_PANCREAS', 'HUPT4_PANCREAS', 'IGR1_SKIN', 'JHOC5_OVARY', 'KPNSI9S_AUTONOMIC_GANGLIA', 'MKN7_STOMACH', 'NCIH2087_LUNG', 'NCIH650_LUNG', 'NCIH747_LARGE_INTESTINE', 'OAW28_OVARY', 'OUMS23_LARGE_INTESTINE', 'OVK18_OVARY', 'PK59_PANCREAS', 'RCC10RGB_KIDNEY', 'RERFLCAD1_LUNG', 'RERFLCAI_LUNG', 'RT4_URINARY_TRACT', 'SH10TC_STOMACH', 'SNUC4_LARGE_INTESTINE', 'SW1990_PANCREAS']",1,0.025516594725593804,0,mlp,0.0,mse,43
1,X_scGPT,124,105,105,19,29,"['BT549_BREAST', 'CAS1_CENTRAL_NERVOUS_SYSTEM', 'HEC6_ENDOMETRIUM', 'HT55_LARGE_INTESTINE', 'KMRC3_KIDNEY', 'MCF7_BREAST', 'MDAMB361_BREAST', 'MKN45_STOMACH', 'MSTO211H_PLEURA', 'NCIH2110_LUNG', 'NCIH226_LUNG', 'NCIH358_LUNG', 'OVCAR4_OVARY', 'PC3_PROSTATE', 'PECAPJ49_UPPER_AERODIGESTIVE_TRACT', 'RD_SOFT_TISSUE', 'SKMEL2_SKIN', 'SKMEL30_SKIN', 'SNU1079_BILIARY_TRACT', 'SNU1214_UPPER_AERODIGESTIVE_TRACT', 'SNU308_BILIARY_TRACT', 'SNU738_CENTRAL_NERVOUS_SYSTEM', 'SU8686_PANCREAS', 'SW1271_LUNG', 'T47D_BREAST', 'TE14_OESOPHAGUS', 'UACC257_SKIN', 'UMUC1_URINARY_TRACT', 'ZR751_BREAST']",8,0.01497183849474596,0,mlp,0.0,mse,44
2,X_scGPT,122,103,103,19,31,"['ACCMESO1_PLEURA', 'COLO792_SKIN', 'DETROIT562_UPPER_AERODIGESTIVE_TRACT', 'EKVX_LUNG', 'GOS3_CENTRAL_NERVOUS_SYSTEM', 'HEP3B217_LIVER', 'HMC18_BREAST', 'HUH28_BILIARY_TRACT', 'IGR37_SKIN', 'KALS1_CENTRAL_NERVOUS_SYSTEM', 'KYSE520_OESOPHAGUS', 'LMSU_STOMACH', 'LNCAPCLONEFGC_PROSTATE', 'MFE319_ENDOMETRIUM', 'NCIH1299_LUNG', 'NCIH1944_LUNG', 'NCIH522_LUNG', 'ONCODG1_OVARY', 'OVSAHO_OVARY', 'OVTOKO_OVARY', 'PATU8988S_PANCREAS', 'SCC25_UPPER_AERODIGESTIVE_TRACT', 'SCC9_UPPER_AERODIGESTIVE_TRACT', 'SKES1_BONE', 'SKNAS_AUTONOMIC_GANGLIA', 'SNU899_UPPER_AERODIGESTIVE_TRACT', 'TE6_OESOPHAGUS', 'TE9_OESOPHAGUS', 'TM31_CENTRAL_NERVOUS_SYSTEM', 'TOV112D_OVARY', 'VMRCRCZ_KIDNEY']",3,0.015365540130030173,0,mlp,0.0,mse,44
3,X_scGPT,122,103,103,19,31,"['A375_SKIN', 'BHY_UPPER_AERODIGESTIVE_TRACT', 'BICR31_UPPER_AERODIGESTIVE_TRACT', 'BICR56_UPPER_AERODIGESTIVE_TRACT', 'CALU6_LUNG', 'CAMA1_BREAST', 'COLO741_SKIN', 'EBC1_LUNG', 'FTC133_THYROID', 'HCC56_LARGE_INTESTINE', 'HDQP1_BREAST', 'HEC251_ENDOMETRIUM', 'HS852T_SKIN', 'JHH6_LIVER', 'KPL1_BREAST', 'LS180_LARGE_INTESTINE', 'NCIH1373_LUNG', 'NCIH1435_LUNG', 'NCIH2228_LUNG', 'NCIH2444_LUNG', 'NCIH2452_PLEURA', 'NCIH292_LUNG', 'NCIH446_LUNG', 'NCIH460_LUNG', 'OSRC2_KIDNEY', 'PANC0203_PANCREAS', 'RCM1_LARGE_INTESTINE', 'SNU449_LIVER', 'SQ1_LUNG', 'SW579_THYROID', 'TCCSUP_URINARY_TRACT']",14,0.017428101636330955,0,mlp,0.0,mse,44
4,X_scGPT,122,103,103,19,31,"['42MGBA_CENTRAL_NERVOUS_SYSTEM', '8305C_THYROID', 'A204_SOFT_TISSUE', 'ASPC1_PANCREAS', 'BCPAP_THYROID', 'BT474_BREAST', 'CAKI2_KIDNEY', 'COV434_OVARY', 'EFE184_ENDOMETRIUM', 'HEC151_ENDOMETRIUM', 'HOS_BONE', 'HT1197_URINARY_TRACT', 'HUH6_LIVER', 'IALM_LUNG', 'IM95_STOMACH', 'KNS42_CENTRAL_NERVOUS_SYSTEM', 'LI7_LIVER', 'LS1034_LARGE_INTESTINE', 'NCIH1792_LUNG', 'NCIH2126_LUNG', 'NCIH2170_LUNG', 'PK45H_PANCREAS', 'RVH421_SKIN', 'SKMEL5_SKIN', 'SNU423_LIVER', 'SNU46_UPPER_AERODIGESTIVE_TRACT', 'SW1088_CENTRAL_NERVOUS_SYSTEM', 'TE10_OESOPHAGUS', 'TE1_OESOPHAGUS', 'VMCUB1_URINARY_TRACT', 'YD38_UPPER_AERODIGESTIVE_TRACT']",1,0.021239810312776032,0,mlp,0.0,mse,44
5,X_scGPT,122,103,103,19,31,"['A2058_SKIN', 'BFTC909_KIDNEY', 'BICR16_UPPER_AERODIGESTIVE_TRACT', 'BICR6_UPPER_AERODIGESTIVE_TRACT', 'CCFSTTG1_CENTRAL_NERVOUS_SYSTEM', 'DKMG_CENTRAL_NERVOUS_SYSTEM', 'EFM192A_BREAST', 'HCC1428_BREAST', 'HCC366_LUNG', 'HCC38_BREAST', 'HT1080_SOFT_TISSUE', 'HUPT3_PANCREAS', 'HUPT4_PANCREAS', 'IGR1_SKIN', 'JHOC5_OVARY', 'KPNSI9S_AUTONOMIC_GANGLIA', 'MKN7_STOMACH', 'NCIH2087_LUNG', 'NCIH650_LUNG', 'NCIH747_LARGE_INTESTINE', 'OAW28_OVARY', 'OUMS23_LARGE_INTESTINE', 'OVK18_OVARY', 'PK59_PANCREAS', 'RCC10RGB_KIDNEY', 'RERFLCAD1_LUNG', 'RERFLCAI_LUNG', 'RT4_URINARY_TRACT', 'SH10TC_STOMACH', 'SNUC4_LARGE_INTESTINE', 'SW1990_PANCREAS']",2,0.025870966682583183,0,mlp,0.0,mse,44
